timestamp,datetime,device_id,AerationFlow1,AerationFlow2,AerationPressure1,AerationPressure2
1758598238283,2025-09-23 11:30:38,ewon_gateway,51.4585,35.9888,23.2205,0.0
1758598359918,2025-09-23 11:32:39,ewon_gateway,49.6714,37.9639,23.8716,0.0
1758598478395,2025-09-23 11:34:38,ewon_gateway,55.6055,35.312,23.2205,0.0
1758598709297,2025-09-23 11:38:29,ewon_gateway,51.2798,38.4341,24.0886,0.0
1758598836494,2025-09-23 11:40:36,ewon_gateway,53.3203,31.1365,23.2205,0.0
1758598895518,2025-09-23 11:41:35,ewon_gateway,46.1074,42.2803,23.8716,0.0
1758598973735,2025-09-23 11:42:53,ewon_gateway,50.2642,37.1548,23.2205,0.0
1758599016369,2025-09-23 11:43:36,ewon_gateway,50.2642,41.0762,23.2205,0.0
1758599079424,2025-09-23 11:44:39,ewon_gateway,48.5244,39.1206,23.2205,0.0
1758599209490,2025-09-23 11:46:49,ewon_gateway,51.6841,37.6626,22.7864,0.0
1758599276550,2025-09-23 11:47:56,ewon_gateway,51.8252,37.2114,23.2205,0.0
1758599321275,2025-09-23 11:48:41,ewon_gateway,49.7188,38.6221,23.4375,0.0
1758599382604,2025-09-23 11:49:42,ewon_gateway,53.1792,33.1299,23.4375,0.0
1758599439841,2025-09-23 11:50:39,ewon_gateway,48.9473,41.5938,23.8716,0.0
1758599558253,2025-09-23 11:52:38,ewon_gateway,50.3579,37.8228,23.0034,0.0
1758599772463,2025-09-23 11:56:12,ewon_gateway,53.9976,36.873,23.4375,0.0
1758599790336,2025-09-23 11:56:30,ewon_gateway,48.7593,33.4121,23.8716,0.0
1758599805692,2025-09-23 11:56:45,ewon_gateway,42.0356,35.2271,23.8716,0.0
1758599865515,2025-09-23 11:57:45,ewon_gateway,48.4116,32.2837,23.4375,0.0
1758599931001,2025-09-23 11:58:51,ewon_gateway,46.1265,38.9512,23.4375,0.0
1758600101521,2025-09-23 12:01:41,ewon_gateway,47.189,34.4937,22.7864,0.0
1758600160855,2025-09-23 12:02:40,ewon_gateway,49.333,34.0044,23.2205,0.0
1758600231147,2025-09-23 12:03:51,ewon_gateway,53.2451,42.5059,23.2205,0.0
1758600515097,2025-09-23 12:08:35,ewon_gateway,48.2515,40.3994,23.4375,0.0
1758600645428,2025-09-23 12:10:45,ewon_gateway,48.8345,40.3994,23.4375,0.0
1758600698909,2025-09-23 12:11:38,ewon_gateway,43.2393,37.2959,23.2205,0.0
1758600761264,2025-09-23 12:12:41,ewon_gateway,48.5244,35.1519,23.4375,0.0
1758600830639,2025-09-23 12:13:50,ewon_gateway,47.6968,30.7603,23.8716,0.0
1758600898584,2025-09-23 12:14:58,ewon_gateway,51.6841,34.9546,23.2205,0.0
1758600946056,2025-09-23 12:15:46,ewon_gateway,48.1104,41.7158,23.2205,0.0
1758600993017,2025-09-23 12:16:33,ewon_gateway,54.3267,33.6753,23.0034,0.0
1758601131162,2025-09-23 12:18:51,ewon_gateway,48.167,34.6724,23.0034,0.0
1758601210136,2025-09-23 12:20:10,ewon_gateway,45.0542,37.7661,24.0886,0.0
1758601260620,2025-09-23 12:21:00,ewon_gateway,44.1797,38.2554,22.7864,0.0
1758601317280,2025-09-23 12:21:57,ewon_gateway,47.8379,33.1772,23.4375,0.0
1758601362926,2025-09-23 12:22:42,ewon_gateway,43.8882,35.5093,23.4375,0.0
1758601420977,2025-09-23 12:23:40,ewon_gateway,45.0542,34.0518,23.0034,0.0
1758601567182,2025-09-23 12:26:07,ewon_gateway,46.1074,34.7568,23.4375,0.0
1758601597507,2025-09-23 12:26:37,ewon_gateway,47.6777,30.6287,23.4375,0.0
1758601612060,2025-09-23 12:26:52,ewon_gateway,46.333,37.1455,23.2205,0.0
1758601652564,2025-09-23 12:27:32,ewon_gateway,45.3457,36.0171,23.2205,0.0
1758601719177,2025-09-23 12:28:39,ewon_gateway,49.0039,31.7666,23.8716,0.0
1758601790870,2025-09-23 12:29:50,ewon_gateway,45.1387,35.6597,23.2205,0.0
1758601853627,2025-09-23 12:30:53,ewon_gateway,48.9287,38.1426,23.0034,0.0
1758601917713,2025-09-23 12:31:57,ewon_gateway,46.0322,33.6851,23.4375,0.0
1758601969733,2025-09-23 12:32:49,ewon_gateway,46.1074,33.2993,22.7864,0.0
1758602119350,2025-09-23 12:35:19,ewon_gateway,52.6152,33.5723,23.0034,0.0
1758602200887,2025-09-23 12:36:40,ewon_gateway,50.7437,42.064,22.3525,0.0
1758602218851,2025-09-23 12:36:58,ewon_gateway,46.2861,37.5498,24.0886,0.0
1758602235969,2025-09-23 12:37:15,ewon_gateway,45.4683,35.6973,22.3525,0.0
1758602293900,2025-09-23 12:38:13,ewon_gateway,47.4897,44.1606,22.7864,0.0
1758602330813,2025-09-23 12:38:50,ewon_gateway,47.1138,31.7007,23.4375,0.0
1758602406201,2025-09-23 12:40:06,ewon_gateway,45.1108,35.0859,23.2205,0.0
1758602441763,2025-09-23 12:40:41,ewon_gateway,46.2954,35.876,23.0034,0.0
1758602501322,2025-09-23 12:41:41,ewon_gateway,46.9443,35.5938,23.2205,0.0
1758602616472,2025-09-23 12:43:36,ewon_gateway,47.6025,38.9604,23.8716,0.0
1758602695537,2025-09-23 12:44:55,ewon_gateway,49.7939,38.1519,23.4375,0.0
1758602752734,2025-09-23 12:45:52,ewon_gateway,46.8784,36.6846,23.4375,0.0
1758602811824,2025-09-23 12:46:51,ewon_gateway,48.2046,41.8662,23.0034,0.0
1758602861744,2025-09-23 12:47:41,ewon_gateway,46.5776,35.4526,23.0034,0.0
1758602929512,2025-09-23 12:48:49,ewon_gateway,56.3105,34.5781,23.0034,0.0
1758603117325,2025-09-23 12:51:57,ewon_gateway,48.8252,33.5249,23.2205,0.0
1758603281247,2025-09-23 12:54:41,ewon_gateway,48.2705,32.4434,23.4375,0.0
1758603457966,2025-09-23 12:57:37,ewon_gateway,47.2642,38.2739,23.2205,0.0
1758603586692,2025-09-23 12:59:46,ewon_gateway,45.0732,33.0645,23.0034,0.0
1758603653910,2025-09-23 13:00:53,ewon_gateway,47.772,35.895,22.3525,0.0
1758603713711,2025-09-23 13:01:53,ewon_gateway,42.186,34.4746,23.4375,0.0
1758603817447,2025-09-23 13:03:37,ewon_gateway,42.2896,39.8916,23.4375,0.0
1758603944764,2025-09-23 13:05:44,ewon_gateway,45.5337,38.9321,23.4375,0.0
1758604084139,2025-09-23 13:08:04,ewon_gateway,46.1826,41.5747,23.0034,0.0
1758604100272,2025-09-23 13:08:20,ewon_gateway,47.1606,35.1987,23.2205,0.0
1758604115129,2025-09-23 13:08:35,ewon_gateway,47.9316,34.7759,23.2205,0.0
1758604243111,2025-09-23 13:10:43,ewon_gateway,43.0698,35.9229,23.2205,0.0
1758604318928,2025-09-23 13:11:58,ewon_gateway,44.6499,36.7788,23.0034,0.0
1758604358535,2025-09-23 13:12:38,ewon_gateway,48.2705,35.1235,23.0034,0.0
1758604425105,2025-09-23 13:13:45,ewon_gateway,48.4492,39.4497,23.0034,0.0
1758604481516,2025-09-23 13:14:41,ewon_gateway,50.499,30.29,22.7864,0.0
1758604541896,2025-09-23 13:15:41,ewon_gateway,45.1011,27.6663,23.8716,0.0
1758604600453,2025-09-23 13:16:40,ewon_gateway,52.6904,29.4531,22.7864,0.0
1758604667558,2025-09-23 13:17:47,ewon_gateway,42.9478,36.8354,23.0034,0.0
1758604720797,2025-09-23 13:18:40,ewon_gateway,44.8755,35.5,23.0034,0.0
1758604795707,2025-09-23 13:19:55,ewon_gateway,43.7095,36.0356,23.8716,0.0
1758604842952,2025-09-23 13:20:42,ewon_gateway,47.9224,43.0044,23.0034,0.0
1758604907858,2025-09-23 13:21:47,ewon_gateway,45.6562,34.5688,23.0034,0.0
1758604964590,2025-09-23 13:22:44,ewon_gateway,45.9194,35.0483,22.7864,0.0
1758605147638,2025-09-23 13:25:47,ewon_gateway,49.8975,30.3088,23.2205,0.0
1758605216485,2025-09-23 13:26:56,ewon_gateway,47.2075,36.5815,23.0034,0.0
1758605562200,2025-09-23 13:32:42,ewon_gateway,48.0259,31.4656,23.2205,0.0
1758605620728,2025-09-23 13:33:40,ewon_gateway,44.1606,38.0391,23.4375,0.0
1758605746160,2025-09-23 13:35:46,ewon_gateway,53.0005,43.1641,23.0034,0.0
1758605806217,2025-09-23 13:36:46,ewon_gateway,45.9194,32.7256,22.7864,0.0
1758605861935,2025-09-23 13:37:41,ewon_gateway,46.8506,37.2397,23.4375,0.0
1758605926835,2025-09-23 13:38:46,ewon_gateway,50.9507,36.5815,23.8716,0.0
1758605998141,2025-09-23 13:39:58,ewon_gateway,46.7095,37.2676,23.2205,0.0
1758606064105,2025-09-23 13:41:04,ewon_gateway,46.1919,36.271,22.7864,0.0
1758606117335,2025-09-23 13:41:57,ewon_gateway,45.7222,34.9639,22.7864,0.0
1758606363883,2025-09-23 13:46:03,ewon_gateway,46.6719,33.6943,22.7864,0.0
1758606442320,2025-09-23 13:47:22,ewon_gateway,53.0947,36.9292,23.4375,0.0
1758606460228,2025-09-23 13:47:40,ewon_gateway,49.5117,30.45,22.3525,0.0
1758606579415,2025-09-23 13:49:39,ewon_gateway,46.9536,35.5469,23.2205,0.0
1758606839717,2025-09-23 13:53:59,ewon_gateway,49.3799,35.5093,22.7864,0.0
1758606884719,2025-09-23 13:54:44,ewon_gateway,46.4648,42.1577,23.0034,0.0
1758606970079,2025-09-23 13:56:10,ewon_gateway,48.355,37.0796,22.3525,0.0
1758607492953,2025-09-23 14:04:52,ewon_gateway,46.0322,34.1553,22.7864,0.0
1758607574543,2025-09-23 14:06:14,ewon_gateway,48.7876,31.24,22.3525,0.0
1758607622210,2025-09-23 14:07:02,ewon_gateway,48.8721,37.3994,22.7864,0.0
1758607680621,2025-09-23 14:08:00,ewon_gateway,49.0981,27.2903,22.7864,0.0
1758607749069,2025-09-23 14:09:09,ewon_gateway,45.1484,35.6973,22.7864,0.0
1758607796753,2025-09-23 14:09:56,ewon_gateway,46.6719,30.384,23.0034,0.0
1758607886524,2025-09-23 14:11:26,ewon_gateway,50.8848,34.6348,23.0034,0.0
1758607915493,2025-09-23 14:11:55,ewon_gateway,46.1265,31.7666,23.2205,0.0
1758608004410,2025-09-23 14:13:24,ewon_gateway,47.0195,37.6816,23.0034,0.0
1758608041596,2025-09-23 14:14:01,ewon_gateway,46.333,37.1924,23.0034,0.0
1758608271669,2025-09-23 14:17:51,ewon_gateway,50.6216,37.0703,22.3525,0.0
1758608288116,2025-09-23 14:18:08,ewon_gateway,45.3833,38.7725,22.7864,0.0
1758608305976,2025-09-23 14:18:25,ewon_gateway,51.1763,35.1519,23.2205,0.0
1758608364240,2025-09-23 14:19:24,ewon_gateway,45.7974,35.8853,23.0034,0.0
1758608472877,2025-09-23 14:21:12,ewon_gateway,51.8628,31.8887,23.0034,0.0
1758608491534,2025-09-23 14:21:31,ewon_gateway,50.0947,31.6255,22.7864,0.0
1758608663764,2025-09-23 14:24:23,ewon_gateway,50.0571,30.0173,23.0034,0.0
1758608694715,2025-09-23 14:24:54,ewon_gateway,44.6782,38.3965,22.7864,0.0
1758608765971,2025-09-23 14:26:05,ewon_gateway,47.5181,33.6001,23.0034,0.0
1758608822167,2025-09-23 14:27:02,ewon_gateway,48.4116,33.4121,23.0034,0.0
1758608887456,2025-09-23 14:28:07,ewon_gateway,48.5337,36.1206,23.0034,0.0
1758608950347,2025-09-23 14:29:10,ewon_gateway,48.9287,38.603,23.0034,0.0
1758609018992,2025-09-23 14:30:18,ewon_gateway,47.4521,39.9199,23.0034,0.0
1758609064484,2025-09-23 14:31:04,ewon_gateway,45.8911,33.1113,23.2205,0.0
1758609121172,2025-09-23 14:32:01,ewon_gateway,48.5244,40.3242,22.7864,0.0
1758609200176,2025-09-23 14:33:20,ewon_gateway,48.5054,37.644,23.2205,0.0
1758609377223,2025-09-23 14:36:17,ewon_gateway,49.8599,40.4839,22.1355,0.0
1758609393002,2025-09-23 14:36:33,ewon_gateway,40.3901,37.0513,23.0034,0.0
1758609407600,2025-09-23 14:36:47,ewon_gateway,46.9351,24.9863,22.7864,0.0
1758609449637,2025-09-23 14:37:29,ewon_gateway,46.5308,36.6753,23.2205,0.0
1758609485288,2025-09-23 14:38:05,ewon_gateway,49.4458,37.8789,23.0034,0.0
1758610712982,2025-09-23 14:58:32,ewon_gateway,45.9478,31.7007,22.7864,0.0
1758610773009,2025-09-23 14:59:33,ewon_gateway,47.0386,33.3369,22.3525,0.0
1758610952418,2025-09-23 15:02:32,ewon_gateway,45.6187,35.5562,23.4375,0.0
1758610991574,2025-09-23 15:03:11,ewon_gateway,45.4775,35.4717,23.0034,0.0
1758611008482,2025-09-23 15:03:28,ewon_gateway,53.4424,30.2808,22.3525,0.0
1758611069432,2025-09-23 15:04:29,ewon_gateway,51.7778,38.3306,23.8716,0.0
1758611147481,2025-09-23 15:05:47,ewon_gateway,48.3364,30.1489,22.3525,0.0
1758611200659,2025-09-23 15:06:40,ewon_gateway,45.2329,34.1553,23.0034,0.0
1758611265786,2025-09-23 15:07:45,ewon_gateway,45.186,34.8228,22.7864,0.0
1758611323359,2025-09-23 15:08:43,ewon_gateway,46.3706,38.2554,23.0034,0.0
1758611449373,2025-09-23 15:10:49,ewon_gateway,47.3584,29.6882,23.0034,0.0
1758611500661,2025-09-23 15:11:40,ewon_gateway,48.8628,37.2207,23.0034,0.0
1758611629608,2025-09-23 15:13:49,ewon_gateway,46.1919,32.0957,23.0034,0.0
1758611672075,2025-09-23 15:14:32,ewon_gateway,48.1104,38.293,22.7864,0.0
1758611743256,2025-09-23 15:15:43,ewon_gateway,46.7095,34.5405,22.7864,0.0
1758611791140,2025-09-23 15:16:31,ewon_gateway,45.2144,36.2803,23.2205,0.0
1758611982914,2025-09-23 15:19:42,ewon_gateway,47.9316,41.5371,23.0034,0.0
1758612101695,2025-09-23 15:21:41,ewon_gateway,46.5493,31.4749,23.0034,0.0
1758612227291,2025-09-23 15:23:47,ewon_gateway,41.6597,35.0859,23.2205,0.0
1758612247208,2025-09-23 15:24:07,ewon_gateway,49.8223,34.5879,22.1355,0.0
1758612326700,2025-09-23 15:25:26,ewon_gateway,46.0415,37.3149,22.3525,0.0
1758612408968,2025-09-23 15:26:48,ewon_gateway,46.3706,36.0737,23.0034,0.0
1758612464766,2025-09-23 15:27:44,ewon_gateway,47.4521,36.1206,22.7864,0.0
1758612633764,2025-09-23 15:30:33,ewon_gateway,48.167,36.064,23.2205,0.0
1758612878691,2025-09-23 15:34:38,ewon_gateway,46.4648,37.644,22.3525,0.0
1758612958507,2025-09-23 15:35:58,ewon_gateway,42.7031,37.3335,22.7864,0.0
1758613054722,2025-09-23 15:37:34,ewon_gateway,47.791,33.9668,22.3525,0.0
1758613114710,2025-09-23 15:38:34,ewon_gateway,47.1323,35.876,22.7864,0.0
1758613173043,2025-09-23 15:39:33,ewon_gateway,50.3862,33.0361,22.7864,0.0
1758613239098,2025-09-23 15:40:39,ewon_gateway,47.7812,32.7729,23.2205,0.0
1758613313185,2025-09-23 15:41:53,ewon_gateway,43.145,41.0669,23.0034,0.0
1758613369535,2025-09-23 15:42:49,ewon_gateway,47.8472,30.9014,22.7864,0.0
1758613413877,2025-09-23 15:43:33,ewon_gateway,47.5371,27.3655,22.1355,0.0
1758613470875,2025-09-23 15:44:30,ewon_gateway,48.5054,37.3052,22.3525,0.0
1758613547591,2025-09-23 15:45:47,ewon_gateway,47.5181,34.3525,23.0034,0.0
1758613660378,2025-09-23 15:47:40,ewon_gateway,44.7158,33.4873,23.2205,0.0
1758613709560,2025-09-23 15:48:29,ewon_gateway,49.7939,30.3372,22.7864,0.0
1758613831057,2025-09-23 15:50:31,ewon_gateway,47.5181,32.3589,23.2205,0.0
1758613899087,2025-09-23 15:51:39,ewon_gateway,45.8066,34.1646,22.7864,0.0
1758613966499,2025-09-23 15:52:46,ewon_gateway,48.8159,43.0796,23.2205,0.0
1758614017517,2025-09-23 15:53:37,ewon_gateway,56.7056,37.6157,22.7864,0.0
1758614069021,2025-09-23 15:54:29,ewon_gateway,47.8379,34.4277,23.0034,0.0
1758614176859,2025-09-23 15:56:16,ewon_gateway,50.3677,35.5186,23.4375,0.0
1758614254726,2025-09-23 15:57:34,ewon_gateway,46.1919,30.3748,23.0034,0.0
1758614406240,2025-09-23 16:00:06,ewon_gateway,45.1387,36.9385,23.0034,0.0
1758614421310,2025-09-23 16:00:21,ewon_gateway,52.0132,35.9512,23.2205,0.0
1758614452087,2025-09-23 16:00:52,ewon_gateway,48.2612,33.3184,23.2205,0.0
1758614487272,2025-09-23 16:01:27,ewon_gateway,50.6968,36.6284,22.7864,0.0
1758614707380,2025-09-23 16:05:07,ewon_gateway,47.2358,33.5249,22.3525,0.0
1758614725493,2025-09-23 16:05:25,ewon_gateway,47.5371,31.7478,23.0034,0.0
1758614741450,2025-09-23 16:05:41,ewon_gateway,46.7656,31.7947,24.0886,0.0
1758614801393,2025-09-23 16:06:41,ewon_gateway,48.4395,32.3589,22.3525,0.0
1758614849664,2025-09-23 16:07:29,ewon_gateway,52.4082,38.9512,22.7864,0.0
1758614967384,2025-09-23 16:09:27,ewon_gateway,50.6968,34.4746,22.7864,0.0
1758615041867,2025-09-23 16:10:41,ewon_gateway,49.0605,30.1677,22.3525,0.0
1758615147591,2025-09-23 16:12:27,ewon_gateway,48.4302,35.0298,22.7864,0.0
1758615167096,2025-09-23 16:12:47,ewon_gateway,47.1323,35.2271,23.0034,0.0
1758615218914,2025-09-23 16:13:38,ewon_gateway,49.0132,33.5908,23.0034,0.0
1758615283308,2025-09-23 16:14:43,ewon_gateway,47.0669,30.4783,23.0034,0.0
1758615467501,2025-09-23 16:17:47,ewon_gateway,44.5557,33.4312,23.2205,0.0
1758615479497,2025-09-23 16:17:59,ewon_gateway,47.7534,32.7539,23.0034,0.0
1758615505548,2025-09-23 16:18:25,ewon_gateway,46.6997,37.1646,23.0034,0.0
1758615586250,2025-09-23 16:19:46,ewon_gateway,50.9976,31.2021,23.0034,0.0
1758615646859,2025-09-23 16:20:46,ewon_gateway,48.9473,29.5754,23.4375,0.0
1758615696645,2025-09-23 16:21:36,ewon_gateway,52.6807,31.71,23.0034,0.0
1758615754134,2025-09-23 16:22:34,ewon_gateway,51.5337,28.6538,23.2205,0.0
1758615817968,2025-09-23 16:23:37,ewon_gateway,44.8193,30.0173,22.7864,0.0
1758615961094,2025-09-23 16:26:01,ewon_gateway,45.7222,38.8477,23.4375,0.0
1758616013100,2025-09-23 16:26:53,ewon_gateway,47.2734,35.876,23.8716,0.0
1758616058069,2025-09-23 16:27:38,ewon_gateway,50.2168,27.958,22.7864,0.0
1758616117196,2025-09-23 16:28:37,ewon_gateway,47.4712,31.1082,22.7864,0.0
1758616204721,2025-09-23 16:30:04,ewon_gateway,45.8159,40.5591,22.3525,0.0
1758616244387,2025-09-23 16:30:44,ewon_gateway,44.5747,30.939,23.0034,0.0
1758616298848,2025-09-23 16:31:38,ewon_gateway,44.8755,37.127,23.0034,0.0
1758616372887,2025-09-23 16:32:52,ewon_gateway,44.9697,37.2959,22.3525,0.0
1758616417164,2025-09-23 16:33:37,ewon_gateway,46.2676,38.9512,23.0034,0.0
1758616473378,2025-09-23 16:34:33,ewon_gateway,43.4932,36.2144,23.2205,0.0
1758616563810,2025-09-23 16:36:03,ewon_gateway,49.7656,38.1987,23.0034,0.0
1758616599310,2025-09-23 16:36:39,ewon_gateway,48.6655,37.3809,22.7864,0.0
1758616668450,2025-09-23 16:37:48,ewon_gateway,45.8066,37.7285,23.0034,0.0
1758616805947,2025-09-23 16:40:05,ewon_gateway,49.6152,37.9731,23.0034,0.0
1758616843047,2025-09-23 16:40:43,ewon_gateway,44.396,33.4966,23.0034,0.0
1758617000209,2025-09-23 16:43:20,ewon_gateway,46.3145,35.6221,22.3525,0.0
1758617010840,2025-09-23 16:43:30,ewon_gateway,48.1011,36.2144,23.4375,0.0
1758617027588,2025-09-23 16:43:47,ewon_gateway,43.8975,33.3369,22.7864,0.0
1758617188997,2025-09-23 16:46:28,ewon_gateway,46.2202,29.4814,23.2205,0.0
1758617276897,2025-09-23 16:47:56,ewon_gateway,49.1919,28.729,23.0034,0.0
1758617547060,2025-09-23 16:52:27,ewon_gateway,51.1196,37.2207,23.4375,0.0
1758617615775,2025-09-23 16:53:35,ewon_gateway,50.2734,33.6753,23.0034,0.0
1758617684364,2025-09-23 16:54:44,ewon_gateway,49.606,37.7852,23.4375,0.0
1758617799280,2025-09-23 16:56:39,ewon_gateway,45.0449,42.0073,23.0034,0.0
1758617856295,2025-09-23 16:57:36,ewon_gateway,47.2832,34.2397,22.7864,0.0
1758617983145,2025-09-23 16:59:43,ewon_gateway,47.7534,30.939,22.7864,0.0
1758618042331,2025-09-23 17:00:42,ewon_gateway,49.1167,33.4966,23.4375,0.0
1758618093897,2025-09-23 17:01:33,ewon_gateway,48.8252,40.9258,22.7864,0.0
1758618159216,2025-09-23 17:02:39,ewon_gateway,48.4585,33.9292,23.2205,0.0
1758618214256,2025-09-23 17:03:34,ewon_gateway,46.4365,37.9731,23.2205,0.0
1758618265899,2025-09-23 17:04:25,ewon_gateway,47.9224,39.3647,23.2205,0.0
1758618334851,2025-09-23 17:05:34,ewon_gateway,49.2578,36.5532,23.0034,0.0
1758618392277,2025-09-23 17:06:32,ewon_gateway,45.7031,41.5371,23.2205,0.0
1758618461440,2025-09-23 17:07:41,ewon_gateway,47.2642,42.2329,23.4375,0.0
1758618527044,2025-09-23 17:08:47,ewon_gateway,53.0664,44.396,22.7864,0.0
1758618574862,2025-09-23 17:09:34,ewon_gateway,48.4395,39.3555,23.2205,0.0
1758618635541,2025-09-23 17:10:35,ewon_gateway,46.4556,35.1426,22.7864,0.0
1758618695596,2025-09-23 17:11:35,ewon_gateway,46.7656,38.2456,23.2205,0.0
1758618760916,2025-09-23 17:12:40,ewon_gateway,42.647,41.0107,23.2205,0.0
1758618813055,2025-09-23 17:13:33,ewon_gateway,50.2168,38.2456,22.3525,0.0
1758618884492,2025-09-23 17:14:44,ewon_gateway,45.0449,34.1455,23.0034,0.0
1758619000525,2025-09-23 17:16:40,ewon_gateway,48.9663,36.7505,23.0034,0.0
1758619017337,2025-09-23 17:16:57,ewon_gateway,52.0132,40.2769,22.7864,0.0
1758619060472,2025-09-23 17:17:40,ewon_gateway,50.9316,39.0732,23.2205,0.0
1758619114878,2025-09-23 17:18:34,ewon_gateway,48.8252,34.4185,22.3525,0.0
1758619187136,2025-09-23 17:19:47,ewon_gateway,51.355,35.3213,22.3525,0.0
1758619237701,2025-09-23 17:20:37,ewon_gateway,45.6841,32.9233,23.0034,0.0
1758619314270,2025-09-23 17:21:54,ewon_gateway,43.5684,41.5747,22.3525,0.0
1758619421071,2025-09-23 17:23:41,ewon_gateway,49.9351,41.9414,23.4375,0.0
1758619473650,2025-09-23 17:24:33,ewon_gateway,47.4429,39.9009,23.0034,0.0
1758619533091,2025-09-23 17:25:33,ewon_gateway,47.6875,39.7036,23.2205,0.0
1758619598286,2025-09-23 17:26:38,ewon_gateway,48.9097,43.1172,22.7864,0.0
1758619669303,2025-09-23 17:27:49,ewon_gateway,45.9478,35.7539,23.2205,0.0
1758619716388,2025-09-23 17:28:36,ewon_gateway,51.2607,37.5312,23.4375,0.0
1758619831808,2025-09-23 17:30:31,ewon_gateway,44.603,38.7632,22.7864,0.0
1758619893472,2025-09-23 17:31:33,ewon_gateway,48.8345,33.7695,23.2205,0.0
1758620008912,2025-09-23 17:33:28,ewon_gateway,49.2861,35.1987,23.2205,0.0
1758620070300,2025-09-23 17:34:30,ewon_gateway,48.7593,33.7319,23.0034,0.0
1758620133715,2025-09-23 17:35:33,ewon_gateway,46.8882,38.3306,23.0034,0.0
1758620200799,2025-09-23 17:36:40,ewon_gateway,47.6777,33.1582,23.0034,0.0
1758620259078,2025-09-23 17:37:39,ewon_gateway,50.123,37.6909,22.7864,0.0
1758620306391,2025-09-23 17:38:26,ewon_gateway,46.7656,35.8574,23.0034,0.0
1758620370572,2025-09-23 17:39:30,ewon_gateway,52.0317,40.1738,23.2205,0.0
1758620466215,2025-09-23 17:41:06,ewon_gateway,45.4492,30.8542,23.0034,0.0
1758620513155,2025-09-23 17:41:53,ewon_gateway,49.3896,33.2148,23.0034,0.0
1758620566359,2025-09-23 17:42:46,ewon_gateway,50.7529,29.5471,23.2205,0.0
1758620670320,2025-09-23 17:44:30,ewon_gateway,43.7939,32.5659,23.4375,0.0
1758620747703,2025-09-23 17:45:47,ewon_gateway,47.2832,35.8574,23.4375,0.0
1758620810493,2025-09-23 17:46:50,ewon_gateway,45.2144,41.1138,22.7864,0.0
1758620865434,2025-09-23 17:47:45,ewon_gateway,47.0293,36.7788,22.7864,0.0
1758620918137,2025-09-23 17:48:38,ewon_gateway,48.8721,36.873,22.7864,0.0
1758620988818,2025-09-23 17:49:48,ewon_gateway,50.7812,32.9795,23.2205,0.0
1758621034820,2025-09-23 17:50:34,ewon_gateway,44.979,34.5781,23.0034,0.0
1758621089365,2025-09-23 17:51:29,ewon_gateway,45.9663,35.1426,22.3525,0.0
1758621151158,2025-09-23 17:52:31,ewon_gateway,50.6025,40.5308,23.0034,0.0
1758621217086,2025-09-23 17:53:37,ewon_gateway,46.0513,41.9414,23.4375,0.0
1758621278496,2025-09-23 17:54:38,ewon_gateway,49.0132,38.1987,23.0034,0.0
1758621334485,2025-09-23 17:55:34,ewon_gateway,49.3706,38.3774,23.2205,0.0
1758621384006,2025-09-23 17:56:24,ewon_gateway,47.96,36.7505,23.0034,0.0
1758621454160,2025-09-23 17:57:34,ewon_gateway,52.2954,37.5781,23.0034,0.0
1758621638033,2025-09-23 18:00:38,ewon_gateway,46.7847,34.2305,23.0034,0.0
1758621652367,2025-09-23 18:00:52,ewon_gateway,49.8032,37.6157,22.3525,0.0
1758621700582,2025-09-23 18:01:40,ewon_gateway,50.687,37.061,23.0034,0.0
1758621755240,2025-09-23 18:02:35,ewon_gateway,44.8193,35.8008,22.7864,0.0
1758621815140,2025-09-23 18:03:35,ewon_gateway,49.6338,36.7695,23.2205,0.0
1758621872916,2025-09-23 18:04:32,ewon_gateway,46.2954,37.8037,22.7864,0.0
1758621952923,2025-09-23 18:05:52,ewon_gateway,48.9097,37.2021,22.7864,0.0
1758622007987,2025-09-23 18:06:47,ewon_gateway,47.189,44.9507,23.2205,0.0
1758622065926,2025-09-23 18:07:45,ewon_gateway,47.5088,37.6157,23.4375,0.0
1758622116407,2025-09-23 18:08:36,ewon_gateway,49.3896,36.9199,23.0034,0.0
1758622168651,2025-09-23 18:09:28,ewon_gateway,47.377,34.1831,23.4375,0.0
1758622234709,2025-09-23 18:10:34,ewon_gateway,50.2358,36.2144,23.4375,0.0
1758622297819,2025-09-23 18:11:37,ewon_gateway,50.123,40.5308,22.3525,0.0
1758622360912,2025-09-23 18:12:40,ewon_gateway,48.9756,37.625,23.4375,0.0
1758622426929,2025-09-23 18:13:46,ewon_gateway,46.5591,43.8789,23.0034,0.0
1758622478141,2025-09-23 18:14:38,ewon_gateway,52.3613,33.4121,22.7864,0.0
1758622534991,2025-09-23 18:15:34,ewon_gateway,45.2329,32.9326,21.9185,0.0
1758622593502,2025-09-23 18:16:33,ewon_gateway,51.2983,35.0483,23.2205,0.0
1758622662776,2025-09-23 18:17:42,ewon_gateway,49.1543,38.7158,22.7864,0.0
1758622711838,2025-09-23 18:18:31,ewon_gateway,46.1919,35.5659,23.2205,0.0
1758622786173,2025-09-23 18:19:46,ewon_gateway,47.0293,39.5249,22.7864,0.0
1758622831811,2025-09-23 18:20:31,ewon_gateway,45.0542,40.3145,23.0034,0.0
1758622897654,2025-09-23 18:21:37,ewon_gateway,49.2012,30.873,23.2205,0.0
1758622969744,2025-09-23 18:22:49,ewon_gateway,46.1919,39.4775,22.3525,0.0
1758623051296,2025-09-23 18:24:11,ewon_gateway,44.7158,41.1611,22.7864,0.0
1758623071187,2025-09-23 18:24:31,ewon_gateway,48.3643,46.3428,23.2205,0.0
1758623133198,2025-09-23 18:25:33,ewon_gateway,47.5371,43.0322,23.2205,0.0
1758623195141,2025-09-23 18:26:35,ewon_gateway,42.8535,39.8726,23.4375,0.0
1758623260623,2025-09-23 18:27:40,ewon_gateway,49.3896,41.998,23.0034,0.0
1758623316011,2025-09-23 18:28:36,ewon_gateway,48.3174,41.9414,24.3057,0.0
1758623377352,2025-09-23 18:29:37,ewon_gateway,46.8408,39.1392,23.0034,0.0
1758623433053,2025-09-23 18:30:33,ewon_gateway,49.7939,35.5752,24.5225,0.0
1758623494998,2025-09-23 18:31:34,ewon_gateway,48.2515,40.7754,23.0034,0.0
1758623557048,2025-09-23 18:32:37,ewon_gateway,46.1919,37.5405,23.4375,0.0
1758623613604,2025-09-23 18:33:33,ewon_gateway,49.9536,42.5996,23.0034,0.0
1758623696150,2025-09-23 18:34:56,ewon_gateway,49.7939,37.71,22.7864,0.0
1758623797405,2025-09-23 18:36:37,ewon_gateway,48.2515,37.2207,22.3525,0.0
1758623815635,2025-09-23 18:36:55,ewon_gateway,48.5806,34.6064,23.0034,0.0
1758623854738,2025-09-23 18:37:34,ewon_gateway,46.5215,37.1924,23.0034,0.0
1758623978572,2025-09-23 18:39:38,ewon_gateway,48.1104,36.7788,23.0034,0.0
1758624040092,2025-09-23 18:40:40,ewon_gateway,48.0728,43.1172,23.8716,0.0
1758624110537,2025-09-23 18:41:50,ewon_gateway,45.1201,39.4121,23.2205,0.0
1758624148676,2025-09-23 18:42:28,ewon_gateway,45.355,39.9385,23.4375,0.0
1758624213317,2025-09-23 18:43:33,ewon_gateway,52.9253,37.2583,23.2205,0.0
1758624268049,2025-09-23 18:44:28,ewon_gateway,45.8726,41.3774,23.0034,0.0
1758624334228,2025-09-23 18:45:34,ewon_gateway,46.1265,40.2959,23.0034,0.0
1758624414607,2025-09-23 18:46:54,ewon_gateway,48.4395,36.2241,22.7864,0.0
1758624454626,2025-09-23 18:47:34,ewon_gateway,45.2144,42.0166,23.8716,0.0
1758624521182,2025-09-23 18:48:41,ewon_gateway,45.6089,40.2676,23.0034,0.0
1758624655550,2025-09-23 18:50:55,ewon_gateway,47.2734,32.688,23.2205,0.0
1758624687406,2025-09-23 18:51:27,ewon_gateway,50.3579,43.0698,22.7864,0.0
1758624749719,2025-09-23 18:52:29,ewon_gateway,45.3926,38.9512,22.7864,0.0
1758624819896,2025-09-23 18:53:39,ewon_gateway,44.7158,32.519,23.2205,0.0
1758624868585,2025-09-23 18:54:28,ewon_gateway,50.4331,38.1143,23.0034,0.0
1758624935095,2025-09-23 18:55:35,ewon_gateway,46.3896,37.7661,23.4375,0.0
1758625012495,2025-09-23 18:56:52,ewon_gateway,42.9946,34.0142,23.0034,0.0
1758625255218,2025-09-23 19:00:55,ewon_gateway,46.8882,36.873,22.7864,0.0
1758625286746,2025-09-23 19:01:26,ewon_gateway,48.5996,39.2896,23.0034,0.0
1758625302543,2025-09-23 19:01:42,ewon_gateway,47.0947,40.8223,23.2205,0.0
1758625379536,2025-09-23 19:02:59,ewon_gateway,49.1357,39.186,23.2205,0.0
1758625415285,2025-09-23 19:03:35,ewon_gateway,50.4707,36.7505,23.0034,0.0
1758625537245,2025-09-23 19:05:37,ewon_gateway,47.6592,37.0513,23.0034,0.0
1758625591958,2025-09-23 19:06:31,ewon_gateway,49.3521,39.4497,23.2205,0.0
1758625654818,2025-09-23 19:07:34,ewon_gateway,48.9663,44.3018,23.2205,0.0
1758625721315,2025-09-23 19:08:41,ewon_gateway,49.1167,30.7131,23.2205,0.0
1758625778799,2025-09-23 19:09:38,ewon_gateway,48.0073,40.2207,22.7864,0.0
1758625837226,2025-09-23 19:10:37,ewon_gateway,46.4365,36.9292,23.2205,0.0
1758625905196,2025-09-23 19:11:45,ewon_gateway,49.7563,34.5781,23.2205,0.0
1758625956692,2025-09-23 19:12:36,ewon_gateway,47.6025,35.5562,23.4375,0.0
1758626019983,2025-09-23 19:13:39,ewon_gateway,50.2925,39.5435,23.4375,0.0
1758626089260,2025-09-23 19:14:49,ewon_gateway,42.769,43.3521,23.2205,0.0
1758626142679,2025-09-23 19:15:42,ewon_gateway,47.5933,41.7817,23.0034,0.0
1758626201133,2025-09-23 19:16:41,ewon_gateway,47.2642,41.2646,22.7864,0.0
1758626254977,2025-09-23 19:17:34,ewon_gateway,45.0449,41.8286,23.2205,0.0
1758626318525,2025-09-23 19:18:38,ewon_gateway,50.9224,42.5151,23.2205,0.0
1758626383335,2025-09-23 19:19:43,ewon_gateway,51.1104,42.2705,23.2205,0.0
1758626431737,2025-09-23 19:20:31,ewon_gateway,47.9414,40.1362,23.2205,0.0
1758626496239,2025-09-23 19:21:36,ewon_gateway,49.1919,37.249,23.0034,0.0
1758626567784,2025-09-23 19:22:47,ewon_gateway,48.8252,37.7754,23.0034,0.0
1758626610661,2025-09-23 19:23:30,ewon_gateway,51.3081,36.4497,23.8716,0.0
1758626672503,2025-09-23 19:24:32,ewon_gateway,48.0166,39.9385,23.2205,0.0
1758626732276,2025-09-23 19:25:32,ewon_gateway,45.2988,45.2798,22.7864,0.0
1758626790580,2025-09-23 19:26:30,ewon_gateway,48.9946,40.3242,23.0034,0.0
1758626859206,2025-09-23 19:27:39,ewon_gateway,47.3486,31.2681,23.0034,0.0
1758626915003,2025-09-23 19:28:35,ewon_gateway,47.377,37.6626,23.0034,0.0
1758626978291,2025-09-23 19:29:38,ewon_gateway,52.0977,39.3271,23.4375,0.0
1758627033174,2025-09-23 19:30:33,ewon_gateway,47.3584,37.2866,23.4375,0.0
1758627098420,2025-09-23 19:31:38,ewon_gateway,48.2705,40.0137,22.7864,0.0
1758627171545,2025-09-23 19:32:51,ewon_gateway,47.772,35.0391,23.8716,0.0
1758627223948,2025-09-23 19:33:43,ewon_gateway,45.8726,35.8477,22.7864,0.0
1758627281252,2025-09-23 19:34:41,ewon_gateway,47.7534,36.271,23.2205,0.0
1758627340929,2025-09-23 19:35:40,ewon_gateway,50.0479,38.4619,24.0886,0.0
1758627407374,2025-09-23 19:36:47,ewon_gateway,47.6968,32.6787,24.3057,0.0
1758627465007,2025-09-23 19:37:45,ewon_gateway,49.9351,41.1235,23.2205,0.0
1758627548348,2025-09-23 19:39:08,ewon_gateway,51.75,38.3208,23.0034,0.0
1758627583799,2025-09-23 19:39:43,ewon_gateway,45.8066,41.4058,23.2205,0.0
1758627648281,2025-09-23 19:40:48,ewon_gateway,50.104,41.1519,23.0034,0.0
1758627705366,2025-09-23 19:41:45,ewon_gateway,49.4365,29.6787,22.7864,0.0
1758627752583,2025-09-23 19:42:32,ewon_gateway,48.9663,43.6626,23.2205,0.0
1758627810315,2025-09-23 19:43:30,ewon_gateway,48.5903,39.4121,23.0034,0.0
1758627904846,2025-09-23 19:45:04,ewon_gateway,53.0005,39.4307,22.7864,0.0
1758627937787,2025-09-23 19:45:37,ewon_gateway,50.8472,37.2021,24.0886,0.0
1758628005363,2025-09-23 19:46:45,ewon_gateway,48.8535,37.6816,23.2205,0.0
1758628124787,2025-09-23 19:48:44,ewon_gateway,52.6152,36.9292,23.2205,0.0
1758628185399,2025-09-23 19:49:45,ewon_gateway,47.4238,32.2554,22.3525,0.0
1758628243623,2025-09-23 19:50:43,ewon_gateway,47.8472,38.3398,23.4375,0.0
1758628320934,2025-09-23 19:52:00,ewon_gateway,52.1636,39.2612,23.0034,0.0
1758628362793,2025-09-23 19:52:42,ewon_gateway,46.1826,35.688,22.3525,0.0
1758628414115,2025-09-23 19:53:34,ewon_gateway,52.0791,35.6035,22.7864,0.0
1758628475432,2025-09-23 19:54:35,ewon_gateway,47.8662,33.5249,23.2205,0.0
1758628606376,2025-09-23 19:56:46,ewon_gateway,48.7407,33.1021,22.3525,0.0
1758628658388,2025-09-23 19:57:38,ewon_gateway,49.6152,36.4966,23.2205,0.0
1758628729861,2025-09-23 19:58:49,ewon_gateway,46.9067,35.1426,23.0034,0.0
1758628955467,2025-09-23 20:02:35,ewon_gateway,45.957,36.7319,23.2205,0.0
1758629011035,2025-09-23 20:03:31,ewon_gateway,47.7437,33.6191,23.4375,0.0
1758629088287,2025-09-23 20:04:48,ewon_gateway,43.7095,37.9448,23.8716,0.0
1758629146955,2025-09-23 20:05:46,ewon_gateway,50.8003,35.6504,23.4375,0.0
1758629197151,2025-09-23 20:06:37,ewon_gateway,47.5371,39.8916,22.7864,0.0
1758629334185,2025-09-23 20:08:54,ewon_gateway,45.4775,37.0796,23.2205,0.0
1758629634348,2025-09-23 20:13:54,ewon_gateway,50.0479,38.7256,23.4375,0.0
1758629670414,2025-09-23 20:14:30,ewon_gateway,53.5083,38.5562,23.0034,0.0
1758629748100,2025-09-23 20:15:48,ewon_gateway,50.0386,40.2017,23.8716,0.0
1758629788202,2025-09-23 20:16:28,ewon_gateway,48.2612,35.7539,23.2205,0.0
1758629886707,2025-09-23 20:18:06,ewon_gateway,49.4272,34.6631,23.8716,0.0
1758629924341,2025-09-23 20:18:44,ewon_gateway,47.4995,40.0796,23.4375,0.0
1758629973529,2025-09-23 20:19:33,ewon_gateway,55.1821,39.5059,23.4375,0.0
1758630094592,2025-09-23 20:21:34,ewon_gateway,52.5303,39.4497,24.9565,0.0
1758630165850,2025-09-23 20:22:45,ewon_gateway,52.2578,42.8159,23.4375,0.0
1758630220671,2025-09-23 20:23:40,ewon_gateway,48.731,43.5967,23.0034,0.0
1758630276727,2025-09-23 20:24:36,ewon_gateway,50.894,41.0483,23.4375,0.0
1758630333769,2025-09-23 20:25:33,ewon_gateway,50.8379,37.061,23.4375,0.0
1758630403746,2025-09-23 20:26:43,ewon_gateway,47.7534,42.0542,24.3057,0.0
1758630458087,2025-09-23 20:27:38,ewon_gateway,49.8691,40.7944,23.4375,0.0
1758630512094,2025-09-23 20:28:32,ewon_gateway,47.9224,37.4463,23.8716,0.0
1758630581181,2025-09-23 20:29:41,ewon_gateway,47.7437,37.7661,23.4375,0.0
1758630631767,2025-09-23 20:30:31,ewon_gateway,56.7529,42.2329,23.2205,0.0
1758630695600,2025-09-23 20:31:35,ewon_gateway,51.6274,39.647,24.0886,0.0
1758630756759,2025-09-23 20:32:36,ewon_gateway,48.0825,45.1577,23.4375,0.0
1758630831088,2025-09-23 20:33:51,ewon_gateway,49.8408,39.8257,24.0886,0.0
1758630880010,2025-09-23 20:34:40,ewon_gateway,45.938,40.4653,23.2205,0.0
1758630958915,2025-09-23 20:35:58,ewon_gateway,54.3076,40.2959,23.0034,0.0
1758630990583,2025-09-23 20:36:30,ewon_gateway,55.6714,38.9512,23.8716,0.0
1758631060593,2025-09-23 20:37:40,ewon_gateway,49.2578,48.3174,24.0886,0.0
1758631116907,2025-09-23 20:38:36,ewon_gateway,50.104,39.5527,23.2205,0.0
1758631175743,2025-09-23 20:39:35,ewon_gateway,48.769,39.6001,22.7864,0.0
1758631227861,2025-09-23 20:40:27,ewon_gateway,48.6655,38.1328,23.0034,0.0
1758631298449,2025-09-23 20:41:38,ewon_gateway,47.9224,40.249,23.2205,0.0
1758631360905,2025-09-23 20:42:40,ewon_gateway,47.6025,35.7539,24.3057,0.0
1758631424762,2025-09-23 20:43:44,ewon_gateway,51.4487,43.1831,23.4375,0.0
1758631473297,2025-09-23 20:44:33,ewon_gateway,46.5308,41.5654,22.7864,0.0
1758631533306,2025-09-23 20:45:33,ewon_gateway,43.6528,35.7163,22.1355,0.0
1758631592073,2025-09-23 20:46:32,ewon_gateway,45.4399,43.0981,22.7864,0.0
1758631651809,2025-09-23 20:47:31,ewon_gateway,46.4556,33.9951,22.7864,0.0
1758631712214,2025-09-23 20:48:32,ewon_gateway,47.7437,38.2456,22.3525,0.0
1758631779534,2025-09-23 20:49:39,ewon_gateway,50.9316,36.2803,23.4375,0.0
1758631834777,2025-09-23 20:50:34,ewon_gateway,51.2046,36.5815,22.7864,0.0
1758631896000,2025-09-23 20:51:36,ewon_gateway,50.0947,41.5747,23.0034,0.0
1758631954420,2025-09-23 20:52:34,ewon_gateway,47.5181,40.5308,23.0034,0.0
1758632025386,2025-09-23 20:53:45,ewon_gateway,46.4556,36.0356,22.7864,0.0
1758632075850,2025-09-23 20:54:35,ewon_gateway,46.9536,37.5215,23.2205,0.0
1758632145866,2025-09-23 20:55:45,ewon_gateway,48.8252,41.7251,22.7864,0.0
1758632200374,2025-09-23 20:56:40,ewon_gateway,45.957,32.3306,23.0034,0.0
1758632248584,2025-09-23 20:57:28,ewon_gateway,42.2803,38.8384,22.3525,0.0
1758632325607,2025-09-23 20:58:45,ewon_gateway,50.7905,41.7158,22.1355,0.0
1758632455050,2025-09-23 21:00:55,ewon_gateway,47.0195,32.8198,22.7864,0.0
1758632512989,2025-09-23 21:01:52,ewon_gateway,46.2861,37.3149,22.7864,0.0
1758632570085,2025-09-23 21:02:50,ewon_gateway,50.6216,38.9512,23.0034,0.0
1758632625478,2025-09-23 21:03:45,ewon_gateway,50.6216,36.8164,23.0034,0.0
1758632705294,2025-09-23 21:05:05,ewon_gateway,45.8911,39.5151,23.0034,0.0
1758632738038,2025-09-23 21:05:38,ewon_gateway,48.1011,35.8008,22.7864,0.0
1758632808601,2025-09-23 21:06:48,ewon_gateway,53.1606,36.2993,22.3525,0.0
1758632851144,2025-09-23 21:07:31,ewon_gateway,51.1104,40.0605,22.7864,0.0
1758632982010,2025-09-23 21:09:42,ewon_gateway,46.0981,39.0264,22.7864,0.0
1758633037277,2025-09-23 21:10:37,ewon_gateway,47.396,39.9761,22.7864,0.0
1758633097771,2025-09-23 21:11:37,ewon_gateway,48.8628,43.2109,22.7864,0.0
1758633149892,2025-09-23 21:12:29,ewon_gateway,47.1797,39.271,23.0034,0.0
1758633228067,2025-09-23 21:13:48,ewon_gateway,44.2456,39.3647,23.0034,0.0
1758633273608,2025-09-23 21:14:33,ewon_gateway,51.1855,43.2861,22.1355,0.0
1758633339599,2025-09-23 21:15:39,ewon_gateway,46.3804,41.5938,22.7864,0.0
1758633390367,2025-09-23 21:16:30,ewon_gateway,47.7534,34.9922,23.0034,0.0
1758633478487,2025-09-23 21:17:58,ewon_gateway,49.1357,37.2207,23.0034,0.0
1758633526579,2025-09-23 21:18:46,ewon_gateway,47.8472,39.854,22.7864,0.0
1758633570164,2025-09-23 21:19:30,ewon_gateway,48.7593,36.5815,22.7864,0.0
1758633635561,2025-09-23 21:20:35,ewon_gateway,46.2769,34.9546,23.0034,0.0
1758633697866,2025-09-23 21:21:37,ewon_gateway,52.3516,36.5815,22.3525,0.0
1758633755629,2025-09-23 21:22:35,ewon_gateway,45.2046,37.127,23.0034,0.0
1758633824143,2025-09-23 21:23:44,ewon_gateway,44.979,38.6973,22.3525,0.0
1758633873318,2025-09-23 21:24:33,ewon_gateway,47.584,36.2617,23.0034,0.0
1758633963281,2025-09-23 21:26:03,ewon_gateway,46.6904,32.4531,22.3525,0.0
1758635797365,2025-09-23 21:56:37,ewon_gateway,49.0229,28.6819,22.7864,0.0
1758635820118,2025-09-23 21:57:00,ewon_gateway,47.1323,40.2583,23.2205,0.0
1758635866488,2025-09-23 21:57:46,ewon_gateway,47.7534,34.9448,22.7864,0.0
1758635878744,2025-09-23 21:57:58,ewon_gateway,45.2988,37.4746,23.0034,0.0
1758635899211,2025-09-23 21:58:19,ewon_gateway,47.0947,32.8384,22.7864,0.0
1758635916657,2025-09-23 21:58:36,ewon_gateway,46.5308,35.312,23.2205,0.0
1758635943588,2025-09-23 21:59:03,ewon_gateway,47.6401,38.3682,23.2205,0.0
1758635954638,2025-09-23 21:59:14,ewon_gateway,45.562,32.8667,22.7864,0.0
1758636102941,2025-09-23 22:01:42,ewon_gateway,47.772,31.1458,23.2205,0.0
1758636114685,2025-09-23 22:01:54,ewon_gateway,48.2891,34.6533,22.3525,0.0
1758636125573,2025-09-23 22:02:05,ewon_gateway,48.2612,33.1675,22.3525,0.0
1758636147243,2025-09-23 22:02:27,ewon_gateway,47.6968,36.6943,24.3057,0.0
1758636176763,2025-09-23 22:02:56,ewon_gateway,48.9194,36.7412,23.0034,0.0
1758636190699,2025-09-23 22:03:10,ewon_gateway,47.6592,37.644,23.2205,0.0
1758636203351,2025-09-23 22:03:23,ewon_gateway,46.3428,40.4839,21.9185,0.0
1758636214505,2025-09-23 22:03:34,ewon_gateway,44.7158,34.2583,22.7864,0.0
1758636228399,2025-09-23 22:03:48,ewon_gateway,48.5903,35.1519,22.3525,0.0
1758636253365,2025-09-23 22:04:13,ewon_gateway,45.9663,40.1548,22.7864,0.0
1758636272997,2025-09-23 22:04:32,ewon_gateway,49.8599,33.6943,22.7864,0.0
1758636282894,2025-09-23 22:04:42,ewon_gateway,46.2202,36.1768,23.0034,0.0
1758636298771,2025-09-23 22:04:58,ewon_gateway,47.5371,35.7915,23.0034,0.0
1758636307676,2025-09-23 22:05:07,ewon_gateway,44.4805,37.6348,22.7864,0.0
1758636325485,2025-09-23 22:05:25,ewon_gateway,47.5181,34.6631,23.0034,0.0
1758636341625,2025-09-23 22:05:41,ewon_gateway,47.2734,36.7319,22.7864,0.0
1758636372053,2025-09-23 22:06:12,ewon_gateway,50.123,33.0078,23.4375,0.0
1758636384300,2025-09-23 22:06:24,ewon_gateway,47.4521,36.3462,22.7864,0.0
1758636397748,2025-09-23 22:06:37,ewon_gateway,45.2798,37.832,22.3525,0.0
1758636465123,2025-09-23 22:07:45,ewon_gateway,45.8726,36.7412,23.2205,0.0
1758636520538,2025-09-23 22:08:40,ewon_gateway,49.6812,36.2144,22.1355,0.0
1758636593373,2025-09-23 22:09:53,ewon_gateway,49.6245,30.5159,24.0886,0.0
1758636661775,2025-09-23 22:11:01,ewon_gateway,46.6997,40.625,22.3525,0.0
1758636690844,2025-09-23 22:11:30,ewon_gateway,47.9414,33.1113,22.3525,0.0
1758636756227,2025-09-23 22:12:36,ewon_gateway,46.3706,33.9199,23.0034,0.0
1758636809613,2025-09-23 22:13:29,ewon_gateway,45.6372,35.1426,23.2205,0.0
1758636878574,2025-09-23 22:14:38,ewon_gateway,45.1953,41.5938,22.7864,0.0
1758636931025,2025-09-23 22:15:31,ewon_gateway,44.5557,31.8418,23.0034,0.0
1758636991264,2025-09-23 22:16:31,ewon_gateway,44.3018,38.2554,22.7864,0.0
1758637112316,2025-09-23 22:18:32,ewon_gateway,50.3203,40.6343,22.3525,0.0
1758637178314,2025-09-23 22:19:38,ewon_gateway,43.2393,32.5093,23.0034,0.0
1758637233058,2025-09-23 22:20:33,ewon_gateway,47.5371,41.4712,23.0034,0.0
1758637297263,2025-09-23 22:21:37,ewon_gateway,51.5054,30.8638,22.7864,0.0
1758637361503,2025-09-23 22:22:41,ewon_gateway,47.8188,37.1455,23.2205,0.0
1758637425662,2025-09-23 22:23:45,ewon_gateway,49.4834,35.1519,22.7864,0.0
1758637472084,2025-09-23 22:24:32,ewon_gateway,46.5493,39.1392,23.2205,0.0
1758637610706,2025-09-23 22:26:50,ewon_gateway,46.4839,36.6284,23.0034,0.0
1758637628815,2025-09-23 22:27:08,ewon_gateway,48.2046,41.3022,22.3525,0.0
1758637653576,2025-09-23 22:27:33,ewon_gateway,49.2954,38.7534,22.3525,0.0
1758637712122,2025-09-23 22:28:32,ewon_gateway,46.8315,34.6631,22.7864,0.0
1758637776351,2025-09-23 22:29:36,ewon_gateway,48.9194,36.7788,22.3525,0.0
1758637829496,2025-09-23 22:30:29,ewon_gateway,45.7783,35.0391,22.3525,0.0
1758637892592,2025-09-23 22:31:32,ewon_gateway,45.9946,32.688,23.0034,0.0
1758637966538,2025-09-23 22:32:46,ewon_gateway,47.7812,39.9761,23.0034,0.0
1758638010725,2025-09-23 22:33:30,ewon_gateway,48.4492,37.8037,23.2205,0.0
1758638075045,2025-09-23 22:34:35,ewon_gateway,47.2266,35.6973,23.0034,0.0
1758638135925,2025-09-23 22:35:35,ewon_gateway,45.0073,38.9321,23.0034,0.0
1758638190178,2025-09-23 22:36:30,ewon_gateway,50.5273,38.0483,22.7864,0.0
1758638260607,2025-09-23 22:37:40,ewon_gateway,49.5308,34.1831,22.3525,0.0
1758638326324,2025-09-23 22:38:46,ewon_gateway,49.4648,35.0767,22.7864,0.0
1758638383080,2025-09-23 22:39:43,ewon_gateway,46.8032,43.4272,22.3525,0.0
1758638454420,2025-09-23 22:40:54,ewon_gateway,45.4775,40.7847,24.9565,0.0
1758638528033,2025-09-23 22:42:08,ewon_gateway,48.1953,40.9824,23.2205,0.0
1758638565245,2025-09-23 22:42:45,ewon_gateway,45.4775,35.293,22.7864,0.0
1758638625259,2025-09-23 22:43:45,ewon_gateway,50.7812,39.5151,22.7864,0.0
1758638669997,2025-09-23 22:44:29,ewon_gateway,48.8345,33.4312,22.7864,0.0
1758638733243,2025-09-23 22:45:33,ewon_gateway,45.355,35.1987,23.4375,0.0
1758638800619,2025-09-23 22:46:40,ewon_gateway,45.2988,41.6782,22.3525,0.0
1758638857126,2025-09-23 22:47:37,ewon_gateway,52.5869,41.8755,23.0034,0.0
1758638910921,2025-09-23 22:48:30,ewon_gateway,44.8096,36.6001,22.7864,0.0
1758638971090,2025-09-23 22:49:31,ewon_gateway,48.0352,37.127,22.1355,0.0
1758639033872,2025-09-23 22:50:33,ewon_gateway,47.0293,37.7754,23.0034,0.0
1758639091545,2025-09-23 22:51:31,ewon_gateway,50.6401,38.9419,22.3525,0.0
1758639163445,2025-09-23 22:52:43,ewon_gateway,48.4492,38.9512,22.1355,0.0
1758639216903,2025-09-23 22:53:36,ewon_gateway,46.7095,31.9546,22.7864,0.0
1758639285383,2025-09-23 22:54:45,ewon_gateway,43.6528,39.6938,23.2205,0.0
1758639350651,2025-09-23 22:55:50,ewon_gateway,45.6562,36.7788,21.9185,0.0
1758639392747,2025-09-23 22:56:32,ewon_gateway,47.123,35.0581,22.7864,0.0
1758639456628,2025-09-23 22:57:36,ewon_gateway,48.5903,37.2114,23.0034,0.0
1758639514474,2025-09-23 22:58:34,ewon_gateway,49.8877,39.1299,23.0034,0.0
1758639627200,2025-09-23 23:00:27,ewon_gateway,49.8877,39.4966,22.7864,0.0
1758639688402,2025-09-23 23:01:28,ewon_gateway,44.0762,34.061,22.3525,0.0
1758639767511,2025-09-23 23:02:47,ewon_gateway,46.6152,38.105,23.0034,0.0
1758639816137,2025-09-23 23:03:36,ewon_gateway,45.355,36.3555,22.7864,0.0
1758639934609,2025-09-23 23:05:34,ewon_gateway,43.8789,38.02,22.7864,0.0
1758639990257,2025-09-23 23:06:30,ewon_gateway,46.6245,43.7378,23.2205,0.0
1758640053684,2025-09-23 23:07:33,ewon_gateway,45.8159,37.8228,22.7864,0.0
1758640110659,2025-09-23 23:08:30,ewon_gateway,49.7939,37.1455,22.3525,0.0
1758640177172,2025-09-23 23:09:37,ewon_gateway,45.6372,35.2837,22.7864,0.0
1758640235433,2025-09-23 23:10:35,ewon_gateway,49.2109,32.6787,22.7864,0.0
1758640289322,2025-09-23 23:11:29,ewon_gateway,47.189,34.0894,22.7864,0.0
1758640352192,2025-09-23 23:12:32,ewon_gateway,44.396,39.9385,22.1355,0.0
1758640409083,2025-09-23 23:13:29,ewon_gateway,47.6777,39.666,22.1355,0.0
1758640469953,2025-09-23 23:14:29,ewon_gateway,47.5371,37.9731,23.0034,0.0
1758640529900,2025-09-23 23:15:29,ewon_gateway,47.6777,35.876,21.7014,0.0
1758640592836,2025-09-23 23:16:32,ewon_gateway,48.6372,35.1895,22.3525,0.0
1758640652969,2025-09-23 23:17:32,ewon_gateway,52.2388,35.2646,22.3525,0.0
1758640709616,2025-09-23 23:18:29,ewon_gateway,48.1763,36.1675,22.3525,0.0
1758640774132,2025-09-23 23:19:34,ewon_gateway,48.9473,44.02,23.2205,0.0
1758640845759,2025-09-23 23:20:45,ewon_gateway,45.1201,35.1519,23.0034,0.0
1758640893531,2025-09-23 23:21:33,ewon_gateway,43.5874,35.2739,22.7864,0.0
1758640955433,2025-09-23 23:22:35,ewon_gateway,47.3018,39.4497,24.0886,0.0
1758641014916,2025-09-23 23:23:34,ewon_gateway,47.311,41.9136,22.1355,0.0
1758641071810,2025-09-23 23:24:31,ewon_gateway,47.9316,30.7603,22.3525,0.0
1758641134116,2025-09-23 23:25:34,ewon_gateway,45.4868,39.9009,22.7864,0.0
1758641202301,2025-09-23 23:26:42,ewon_gateway,44.5088,37.813,23.2205,0.0
1758641261037,2025-09-23 23:27:41,ewon_gateway,44.0669,41.0483,23.0034,0.0
1758641316095,2025-09-23 23:28:36,ewon_gateway,52.5303,35.2363,22.7864,0.0
1758641373190,2025-09-23 23:29:33,ewon_gateway,44.4053,35.5562,22.1355,0.0
1758641432128,2025-09-23 23:30:32,ewon_gateway,48.6655,38.3867,23.0034,0.0
1758641492549,2025-09-23 23:31:32,ewon_gateway,49.2109,37.4561,22.7864,0.0
1758641551770,2025-09-23 23:32:31,ewon_gateway,46.6904,36.1113,22.3525,0.0
1758641623627,2025-09-23 23:33:43,ewon_gateway,48.8628,39.0264,22.7864,0.0
1758641671672,2025-09-23 23:34:31,ewon_gateway,49.709,34.6816,23.0034,0.0
1758641729576,2025-09-23 23:35:29,ewon_gateway,48.9946,34.5781,23.4375,0.0
1758641801018,2025-09-23 23:36:41,ewon_gateway,47.2734,37.0234,23.0034,0.0
1758641856170,2025-09-23 23:37:36,ewon_gateway,48.5054,34.0142,22.3525,0.0
1758641917700,2025-09-23 23:38:37,ewon_gateway,44.2266,30.1677,23.2205,0.0
1758641973037,2025-09-23 23:39:33,ewon_gateway,45.0635,28.3247,22.7864,0.0
1758642034972,2025-09-23 23:40:34,ewon_gateway,48.4961,37.249,22.3525,0.0
1758642113890,2025-09-23 23:41:53,ewon_gateway,46.9536,35.2178,22.3525,0.0
1758642159202,2025-09-23 23:42:39,ewon_gateway,44.4146,36.5059,23.0034,0.0
1758642215912,2025-09-23 23:43:35,ewon_gateway,48.9663,36.271,22.7864,0.0
1758642270381,2025-09-23 23:44:30,ewon_gateway,48.5244,31.9451,22.3525,0.0
1758642334552,2025-09-23 23:45:34,ewon_gateway,42.8633,38.415,22.7864,0.0
1758642393000,2025-09-23 23:46:33,ewon_gateway,46.8975,27.3372,24.0886,0.0
1758642468576,2025-09-23 23:47:48,ewon_gateway,47.96,34.2021,21.9185,0.0
1758642515590,2025-09-23 23:48:35,ewon_gateway,46.6152,38.105,22.3525,0.0
1758642598678,2025-09-23 23:49:58,ewon_gateway,52.0977,29.5471,23.4375,0.0
1758642629592,2025-09-23 23:50:29,ewon_gateway,47.1138,37.6909,22.3525,0.0
1758642693302,2025-09-23 23:51:33,ewon_gateway,44.2266,38.3306,20.1824,0.0
1758642759708,2025-09-23 23:52:39,ewon_gateway,47.4521,36.1206,22.3525,0.0
1758642810212,2025-09-23 23:53:30,ewon_gateway,46.3896,33.9951,23.0034,0.0
1758642873534,2025-09-23 23:54:33,ewon_gateway,43.5024,32.0298,22.7864,0.0
1758642968847,2025-09-23 23:56:08,ewon_gateway,43.4932,32.2085,22.3525,0.0
1758642996696,2025-09-23 23:56:36,ewon_gateway,45.8066,33.9199,22.3525,0.0
1758643087045,2025-09-23 23:58:07,ewon_gateway,51.5996,36.6943,22.7864,0.0
1758643113775,2025-09-23 23:58:33,ewon_gateway,45.7974,33.4121,22.3525,0.0
1758643176447,2025-09-23 23:59:36,ewon_gateway,48.7593,36.2241,22.7864,0.0
1758643231917,2025-09-24 00:00:31,ewon_gateway,44.2456,44.772,23.0034,0.0
1758643295391,2025-09-24 00:01:35,ewon_gateway,47.3677,37.1738,22.1355,0.0
1758643353948,2025-09-24 00:02:33,ewon_gateway,48.0166,30.4404,22.7864,0.0
1758643411588,2025-09-24 00:03:31,ewon_gateway,45.2988,31.616,22.7864,0.0
1758643477766,2025-09-24 00:04:37,ewon_gateway,50.0386,31.9546,22.7864,0.0
1758643533130,2025-09-24 00:05:33,ewon_gateway,43.0044,35.6973,22.7864,0.0
1758643591727,2025-09-24 00:06:31,ewon_gateway,43.3145,28.9829,22.7864,0.0
1758643661401,2025-09-24 00:07:41,ewon_gateway,45.562,33.3838,22.3525,0.0
1758643717113,2025-09-24 00:08:37,ewon_gateway,44.9038,31.8606,22.3525,0.0
1758643770859,2025-09-24 00:09:30,ewon_gateway,46.8784,33.1582,22.3525,0.0
1758643838216,2025-09-24 00:10:38,ewon_gateway,44.6782,35.312,22.1355,0.0
1758643892971,2025-09-24 00:11:32,ewon_gateway,44.8096,35.312,22.7864,0.0
1758643959176,2025-09-24 00:12:39,ewon_gateway,46.8882,35.6128,22.1355,0.0
1758644024335,2025-09-24 00:13:44,ewon_gateway,44.8848,42.835,22.1355,0.0
1758644080083,2025-09-24 00:14:40,ewon_gateway,47.7812,33.6284,22.3525,0.0
1758644146537,2025-09-24 00:15:46,ewon_gateway,51.6274,40.1738,23.0034,0.0
1758644191055,2025-09-24 00:16:31,ewon_gateway,46.7095,33.9575,23.0034,0.0
1758644257200,2025-09-24 00:17:37,ewon_gateway,48.5903,34.5781,22.1355,0.0
1758644314381,2025-09-24 00:18:34,ewon_gateway,45.1484,31.4656,22.1355,0.0
1758644370994,2025-09-24 00:19:30,ewon_gateway,49.9536,37.5029,23.2205,0.0
1758644442494,2025-09-24 00:20:42,ewon_gateway,44.5747,38.9604,22.3525,0.0
1758644494367,2025-09-24 00:21:34,ewon_gateway,49.8599,33.7788,22.3525,0.0
1758644565434,2025-09-24 00:22:45,ewon_gateway,46.145,32.9233,22.7864,0.0
1758644625249,2025-09-24 00:23:45,ewon_gateway,49.521,34.2397,22.3525,0.0
1758644673937,2025-09-24 00:24:33,ewon_gateway,45.75,34.8979,22.1355,0.0
1758644747128,2025-09-24 00:25:47,ewon_gateway,50.4521,37.3335,22.7864,0.0
1758644794110,2025-09-24 00:26:34,ewon_gateway,50.3862,36.1206,21.9185,0.0
1758644853883,2025-09-24 00:27:33,ewon_gateway,44.5557,34.6724,23.2205,0.0
1758644920292,2025-09-24 00:28:40,ewon_gateway,41.9414,33.9951,22.3525,0.0
1758644973474,2025-09-24 00:29:33,ewon_gateway,51.6934,33.854,21.9185,0.0
1758645040190,2025-09-24 00:30:40,ewon_gateway,41.8003,35.0298,23.0034,0.0
1758645094479,2025-09-24 00:31:34,ewon_gateway,44.9038,36.7695,22.3525,0.0
1758645168714,2025-09-24 00:32:48,ewon_gateway,47.4521,36.7788,23.4375,0.0
1758645211022,2025-09-24 00:33:31,ewon_gateway,44.396,34.7568,23.0034,0.0
1758645284034,2025-09-24 00:34:44,ewon_gateway,48.8721,34.917,22.1355,0.0
1758645345792,2025-09-24 00:35:45,ewon_gateway,45.1577,31.0142,22.3525,0.0
1758645398910,2025-09-24 00:36:38,ewon_gateway,45.7124,31.033,21.9185,0.0
1758645464236,2025-09-24 00:37:44,ewon_gateway,50.0479,32.0957,22.3525,0.0
1758645520477,2025-09-24 00:38:40,ewon_gateway,49.1167,32.0488,22.7864,0.0
1758645580599,2025-09-24 00:39:40,ewon_gateway,47.2734,36.5908,22.7864,0.0
1758645636574,2025-09-24 00:40:36,ewon_gateway,45.2329,34.5688,22.3525,0.0
1758645698720,2025-09-24 00:41:38,ewon_gateway,43.8315,32.4434,22.3525,0.0
1758645754358,2025-09-24 00:42:34,ewon_gateway,49.3799,31.9451,22.1355,0.0
1758645811865,2025-09-24 00:43:31,ewon_gateway,44.4995,28.7478,22.3525,0.0
1758645874209,2025-09-24 00:44:34,ewon_gateway,49.8877,34.6816,22.7864,0.0
1758645931384,2025-09-24 00:45:31,ewon_gateway,48.5806,35.0859,23.0034,0.0
1758645989488,2025-09-24 00:46:29,ewon_gateway,46.2017,27.7605,22.7864,0.0
1758646052543,2025-09-24 00:47:32,ewon_gateway,46.6997,30.5439,22.3525,0.0
1758646115135,2025-09-24 00:48:35,ewon_gateway,47.189,30.7131,22.3525,0.0
1758646172262,2025-09-24 00:49:32,ewon_gateway,48.9194,36.3652,23.4375,0.0
1758646234934,2025-09-24 00:50:34,ewon_gateway,46.7471,29.0112,22.1355,0.0
1758646292502,2025-09-24 00:51:32,ewon_gateway,45.9854,40.7661,22.7864,0.0
1758646358014,2025-09-24 00:52:38,ewon_gateway,48.8535,30.9482,22.7864,0.0
1758646478872,2025-09-24 00:54:38,ewon_gateway,47.8662,35.5469,22.7864,0.0
1758646536388,2025-09-24 00:55:36,ewon_gateway,51.6274,34.249,22.3525,0.0
1758646593089,2025-09-24 00:56:33,ewon_gateway,45.4775,38.1987,23.0034,0.0
1758646651938,2025-09-24 00:57:31,ewon_gateway,48.1104,32.312,22.3525,0.0
1758646725358,2025-09-24 00:58:45,ewon_gateway,52.0132,34.7192,23.0034,0.0
1758646771657,2025-09-24 00:59:31,ewon_gateway,45.1484,32.0488,22.3525,0.0
1758646900974,2025-09-24 01:01:40,ewon_gateway,47.8662,37.4746,21.9185,0.0
1758646951568,2025-09-24 01:02:31,ewon_gateway,44.603,34.4468,22.7864,0.0
1758647010769,2025-09-24 01:03:30,ewon_gateway,46.7188,33.7412,23.0034,0.0
1758647071929,2025-09-24 01:04:31,ewon_gateway,47.5464,32.0298,22.7864,0.0
1758647132813,2025-09-24 01:05:32,ewon_gateway,47.5088,29.7917,23.2205,0.0
1758647196209,2025-09-24 01:06:36,ewon_gateway,48.0352,32.6787,22.7864,0.0
1758647251659,2025-09-24 01:07:31,ewon_gateway,50.5557,33.2051,23.0034,0.0
1758647317476,2025-09-24 01:08:37,ewon_gateway,46.3896,36.1206,22.1355,0.0
1758647370394,2025-09-24 01:09:30,ewon_gateway,45.7222,27.5818,22.3525,0.0
1758647448867,2025-09-24 01:10:48,ewon_gateway,48.5054,35.3213,22.7864,0.0
1758647491720,2025-09-24 01:11:31,ewon_gateway,50.2827,36.083,22.3525,0.0
1758647552145,2025-09-24 01:12:32,ewon_gateway,47.1138,33.9106,22.7864,0.0
1758647625340,2025-09-24 01:13:45,ewon_gateway,48.9194,37.5312,22.7864,0.0
1758647672199,2025-09-24 01:14:32,ewon_gateway,47.6123,32.5469,22.1355,0.0
1758647731453,2025-09-24 01:15:31,ewon_gateway,52.6338,34.2114,22.1355,0.0
1758647795266,2025-09-24 01:16:35,ewon_gateway,48.2422,33.4121,22.1355,0.0
1758647855886,2025-09-24 01:17:35,ewon_gateway,49.0508,37.0137,23.2205,0.0
1758647922922,2025-09-24 01:18:42,ewon_gateway,46.6904,27.2715,23.0034,0.0
1758647971564,2025-09-24 01:19:31,ewon_gateway,46.7471,39.4966,23.2205,0.0
1758648034216,2025-09-24 01:20:34,ewon_gateway,45.9478,36.6846,22.3525,0.0
1758648091475,2025-09-24 01:21:31,ewon_gateway,49.4175,30.7791,22.7864,0.0
1758648159222,2025-09-24 01:22:39,ewon_gateway,50.3579,31.0801,23.0034,0.0
1758648218746,2025-09-24 01:23:38,ewon_gateway,44.0669,31.9451,22.1355,0.0
1758648270225,2025-09-24 01:24:30,ewon_gateway,46.0322,32.3682,22.1355,0.0
1758648332471,2025-09-24 01:25:32,ewon_gateway,46.3237,31.5127,22.3525,0.0
1758648393966,2025-09-24 01:26:33,ewon_gateway,47.6401,37.2676,22.7864,0.0
1758648458168,2025-09-24 01:27:38,ewon_gateway,46.7188,32.9795,22.3525,0.0
1758648512217,2025-09-24 01:28:32,ewon_gateway,43.9727,32.1802,22.7864,0.0
1758648580128,2025-09-24 01:29:40,ewon_gateway,46.4272,36.3462,23.0034,0.0
1758648630978,2025-09-24 01:30:30,ewon_gateway,48.1201,28.8889,22.3525,0.0
1758648692661,2025-09-24 01:31:32,ewon_gateway,47.0479,34.3242,22.7864,0.0
1758648751342,2025-09-24 01:32:31,ewon_gateway,44.6406,33.7695,23.4375,0.0
1758648818626,2025-09-24 01:33:38,ewon_gateway,46.6245,35.7915,22.1355,0.0
1758648872712,2025-09-24 01:34:32,ewon_gateway,46.7939,35.4058,22.3525,0.0
1758648941127,2025-09-24 01:35:41,ewon_gateway,46.145,29.6787,22.1355,0.0
1758649009842,2025-09-24 01:36:49,ewon_gateway,48.4116,37.1646,22.1355,0.0
1758649061166,2025-09-24 01:37:41,ewon_gateway,46.23,25.2214,22.7864,0.0
1758649113453,2025-09-24 01:38:33,ewon_gateway,46.5591,31.4185,22.7864,0.0
1758649174328,2025-09-24 01:39:34,ewon_gateway,49.9629,34.2021,22.7864,0.0
1758649234092,2025-09-24 01:40:34,ewon_gateway,45.7783,32.3779,23.0034,0.0
1758649301013,2025-09-24 01:41:41,ewon_gateway,46.4556,32.9136,24.0886,0.0
1758649354889,2025-09-24 01:42:34,ewon_gateway,46.3706,32.0391,22.3525,0.0
1758649411447,2025-09-24 01:43:31,ewon_gateway,51.2324,34.3901,21.9185,0.0
1758649474138,2025-09-24 01:44:34,ewon_gateway,46.8506,29.5847,22.7864,0.0
1758649540696,2025-09-24 01:45:40,ewon_gateway,49.2295,24.469,22.7864,0.0
1758649607571,2025-09-24 01:46:47,ewon_gateway,46.2954,31.5315,22.7864,0.0
1758649653630,2025-09-24 01:47:33,ewon_gateway,44.1514,30.4971,23.0034,0.0
1758649713587,2025-09-24 01:48:33,ewon_gateway,50.2925,36.6753,22.3525,0.0
1758649774326,2025-09-24 01:49:34,ewon_gateway,43.5684,33.5063,23.0034,0.0
1758649835309,2025-09-24 01:50:35,ewon_gateway,46.0513,33.9292,22.7864,0.0
1758649901494,2025-09-24 01:51:41,ewon_gateway,48.3643,37.1738,22.1355,0.0
1758649960650,2025-09-24 01:52:40,ewon_gateway,47.8662,36.7505,22.1355,0.0
1758650014792,2025-09-24 01:53:34,ewon_gateway,44.9038,34.0234,22.3525,0.0
1758650072886,2025-09-24 01:54:32,ewon_gateway,46.3145,36.2144,22.7864,0.0
1758650139442,2025-09-24 01:55:39,ewon_gateway,47.8379,35.7817,22.3525,0.0
1758650190135,2025-09-24 01:56:30,ewon_gateway,50.0386,32.4248,22.1355,0.0
1758650253366,2025-09-24 01:57:33,ewon_gateway,50.5083,35.5093,22.7864,0.0
1758650309552,2025-09-24 01:58:29,ewon_gateway,43.5122,32.2085,23.0034,0.0
1758650371046,2025-09-24 01:59:31,ewon_gateway,46.0981,37.5498,22.1355,0.0
1758650437576,2025-09-24 02:00:37,ewon_gateway,46.7471,31.1741,22.7864,0.0
1758650568431,2025-09-24 02:02:48,ewon_gateway,52.0317,40.5874,22.3525,0.0
1758650582803,2025-09-24 02:03:02,ewon_gateway,50.1416,36.2051,22.3525,0.0
1758650623498,2025-09-24 02:03:43,ewon_gateway,49.0415,34.0894,22.1355,0.0
1758650677423,2025-09-24 02:04:37,ewon_gateway,49.5308,27.8074,22.3525,0.0
1758650731395,2025-09-24 02:05:31,ewon_gateway,46.6997,34.8135,22.3525,0.0
1758650794193,2025-09-24 02:06:34,ewon_gateway,51.8345,37.1079,22.3525,0.0
1758650856957,2025-09-24 02:07:36,ewon_gateway,45.9478,34.6533,22.3525,0.0
1758650913895,2025-09-24 02:08:33,ewon_gateway,46.1357,37.1548,22.3525,0.0
1758650986098,2025-09-24 02:09:46,ewon_gateway,49.6152,35.5,22.3525,0.0
1758651035149,2025-09-24 02:10:35,ewon_gateway,46.0605,33.0171,22.1355,0.0
1758651093041,2025-09-24 02:11:33,ewon_gateway,48.9663,33.0078,23.0034,0.0
1758651154817,2025-09-24 02:12:34,ewon_gateway,48.5806,34.5688,23.0034,0.0
1758651214585,2025-09-24 02:13:34,ewon_gateway,50.4614,36.2051,22.7864,0.0
1758651271635,2025-09-24 02:14:31,ewon_gateway,46.2769,35.9512,22.1355,0.0
1758651345196,2025-09-24 02:15:45,ewon_gateway,45.9854,39.3838,23.0034,0.0
1758651394721,2025-09-24 02:16:34,ewon_gateway,47.7812,34.249,22.7864,0.0
1758651454020,2025-09-24 02:17:34,ewon_gateway,45.7598,33.1113,23.0034,0.0
1758651515040,2025-09-24 02:18:35,ewon_gateway,46.3237,31.6067,22.7864,0.0
1758651573804,2025-09-24 02:19:33,ewon_gateway,44.9038,32.2178,22.7864,0.0
1758651631335,2025-09-24 02:20:31,ewon_gateway,46.9727,32.9326,23.4375,0.0
1758651694079,2025-09-24 02:21:34,ewon_gateway,45.0542,30.2996,22.3525,0.0
1758651755543,2025-09-24 02:22:35,ewon_gateway,45.6187,31.1929,22.7864,0.0
1758651812834,2025-09-24 02:23:32,ewon_gateway,47.7812,33.356,22.1355,0.0
1758651877129,2025-09-24 02:24:37,ewon_gateway,53.5835,35.2271,22.3525,0.0
1758651931957,2025-09-24 02:25:31,ewon_gateway,48.4395,30.6191,22.3525,0.0
1758651993563,2025-09-24 02:26:33,ewon_gateway,45.5713,32.0391,23.0034,0.0
1758652062994,2025-09-24 02:27:42,ewon_gateway,52.6807,33.3184,23.0034,0.0
1758652115200,2025-09-24 02:28:35,ewon_gateway,49.9536,35.6128,22.3525,0.0
1758652171933,2025-09-24 02:29:31,ewon_gateway,44.3394,31.4373,22.1355,0.0
1758652236811,2025-09-24 02:30:36,ewon_gateway,51.5996,32.707,22.7864,0.0
1758652291961,2025-09-24 02:31:31,ewon_gateway,50.6118,33.0171,23.0034,0.0
1758652354694,2025-09-24 02:32:34,ewon_gateway,46.6904,33.6851,22.7864,0.0
1758652415452,2025-09-24 02:33:35,ewon_gateway,48.1011,36.0356,23.0034,0.0
1758652475241,2025-09-24 02:34:35,ewon_gateway,44.1704,33.5532,22.7864,0.0
1758652533121,2025-09-24 02:35:33,ewon_gateway,48.3643,38.9604,22.7864,0.0
1758652593821,2025-09-24 02:36:33,ewon_gateway,46.5215,38.5186,23.0034,0.0
1758652654255,2025-09-24 02:37:34,ewon_gateway,46.2861,33.9766,22.3525,0.0
1758652716240,2025-09-24 02:38:36,ewon_gateway,51.5522,34.2397,22.3525,0.0
1758652779463,2025-09-24 02:39:39,ewon_gateway,47.5557,33.4312,22.7864,0.0
1758652834838,2025-09-24 02:40:34,ewon_gateway,49.2295,35.7163,23.0034,0.0
1758652895003,2025-09-24 02:41:35,ewon_gateway,43.3237,35.1519,22.1355,0.0
1758652954419,2025-09-24 02:42:34,ewon_gateway,45.374,29.4626,22.1355,0.0
1758653010393,2025-09-24 02:43:30,ewon_gateway,48.5903,35.2271,23.0034,0.0
1758653074284,2025-09-24 02:44:34,ewon_gateway,44.9604,36.6001,22.3525,0.0
1758653134321,2025-09-24 02:45:34,ewon_gateway,48.1011,38.2363,22.1355,0.0
1758653197667,2025-09-24 02:46:37,ewon_gateway,43.5024,32.6318,22.3525,0.0
1758653253263,2025-09-24 02:47:33,ewon_gateway,46.5493,39.5435,22.1355,0.0
1758653313558,2025-09-24 02:48:33,ewon_gateway,48.4961,38.1143,22.3525,0.0
1758653373001,2025-09-24 02:49:33,ewon_gateway,47.5371,36.1768,22.3525,0.0
1758653433943,2025-09-24 02:50:33,ewon_gateway,41.5654,29.3872,23.0034,0.0
1758653491726,2025-09-24 02:51:31,ewon_gateway,45.5435,34.0142,22.3525,0.0
1758653859869,2025-09-24 02:57:39,ewon_gateway,47.2358,32.3682,22.3525,0.0
1758653913570,2025-09-24 02:58:33,ewon_gateway,50.9507,32.6973,22.3525,0.0
1758653973616,2025-09-24 02:59:33,ewon_gateway,44.6406,31.2305,22.1355,0.0
1758654039505,2025-09-24 03:00:39,ewon_gateway,48.0166,34.4185,22.3525,0.0
1758654094599,2025-09-24 03:01:34,ewon_gateway,46.4365,33.5815,21.7014,0.0
1758654154410,2025-09-24 03:02:34,ewon_gateway,45.6562,39.0264,21.9185,0.0
1758654222906,2025-09-24 03:03:42,ewon_gateway,47.189,30.7791,21.9185,0.0
1758654274357,2025-09-24 03:04:34,ewon_gateway,46.9536,30.9482,22.3525,0.0
1758654335271,2025-09-24 03:05:35,ewon_gateway,45.0449,29.9326,22.3525,0.0
1758654393339,2025-09-24 03:06:33,ewon_gateway,48.1011,33.4121,22.1355,0.0
1758654460549,2025-09-24 03:07:40,ewon_gateway,47.6123,32.519,23.0034,0.0
1758654515291,2025-09-24 03:08:35,ewon_gateway,47.3677,32.2837,22.1355,0.0
1758654575005,2025-09-24 03:09:35,ewon_gateway,48.4868,29.9045,22.1355,0.0
1758654634812,2025-09-24 03:10:34,ewon_gateway,49.8501,31.5691,22.7864,0.0
1758654693590,2025-09-24 03:11:33,ewon_gateway,45.8442,34.3057,22.1355,0.0
1758654760886,2025-09-24 03:12:40,ewon_gateway,44.6499,38.3867,22.7864,0.0
1758654813477,2025-09-24 03:13:33,ewon_gateway,46.6997,36.2334,22.1355,0.0
1758654872328,2025-09-24 03:14:32,ewon_gateway,46.1357,31.5503,23.2205,0.0
1758654932871,2025-09-24 03:15:32,ewon_gateway,44.02,29.9138,22.3525,0.0
1758654995414,2025-09-24 03:16:35,ewon_gateway,45.957,31.7383,22.1355,0.0
1758655068231,2025-09-24 03:17:48,ewon_gateway,45.1201,37.8696,21.9185,0.0
1758655114196,2025-09-24 03:18:34,ewon_gateway,47.1138,32.3589,23.0034,0.0
1758655175786,2025-09-24 03:19:35,ewon_gateway,49.3706,31.2021,23.2205,0.0
1758655238707,2025-09-24 03:20:38,ewon_gateway,50.1416,35.7163,21.9185,0.0
1758655294688,2025-09-24 03:21:34,ewon_gateway,48.9946,33.5908,22.3525,0.0
1758655357957,2025-09-24 03:22:37,ewon_gateway,46.8784,29.8857,23.0034,0.0
1758655413150,2025-09-24 03:23:33,ewon_gateway,47.6123,34.2866,22.3525,0.0
1758655474057,2025-09-24 03:24:34,ewon_gateway,45.6187,31.5315,22.3525,0.0
1758655533277,2025-09-24 03:25:33,ewon_gateway,44.2266,27.7417,22.1355,0.0
1758655599469,2025-09-24 03:26:39,ewon_gateway,46.7847,34.3994,21.9185,0.0
1758655657977,2025-09-24 03:27:37,ewon_gateway,45.9194,28.4187,22.3525,0.0
1758655712757,2025-09-24 03:28:32,ewon_gateway,47.8662,32.4155,22.1355,0.0
1758655772748,2025-09-24 03:29:32,ewon_gateway,44.3115,36.3555,22.7864,0.0
1758655834447,2025-09-24 03:30:34,ewon_gateway,46.606,32.4248,22.3525,0.0
1758655895491,2025-09-24 03:31:35,ewon_gateway,46.2017,35.3213,22.7864,0.0
1758655952905,2025-09-24 03:32:32,ewon_gateway,45.8628,30.9202,22.1355,0.0
1758656015229,2025-09-24 03:33:35,ewon_gateway,45.8911,25.259,22.3525,0.0
1758656075109,2025-09-24 03:34:35,ewon_gateway,42.6938,29.9045,22.3525,0.0
1758656133228,2025-09-24 03:35:33,ewon_gateway,44.1606,32.3306,22.1355,0.0
1758656197508,2025-09-24 03:36:37,ewon_gateway,48.8159,29.7166,22.1355,0.0
1758656259568,2025-09-24 03:37:39,ewon_gateway,45.5435,31.8606,21.7014,0.0
1758656313713,2025-09-24 03:38:33,ewon_gateway,42.7881,31.0142,23.2205,0.0
1758656377999,2025-09-24 03:39:37,ewon_gateway,46.7656,29.1521,22.1355,0.0
1758656437207,2025-09-24 03:40:37,ewon_gateway,48.2515,36.7412,22.1355,0.0
1758656495828,2025-09-24 03:41:35,ewon_gateway,48.8628,36.7974,22.3525,0.0
1758656555826,2025-09-24 03:42:35,ewon_gateway,48.9287,29.3215,22.1355,0.0
1758656615060,2025-09-24 03:43:35,ewon_gateway,50.2827,31.0989,21.9185,0.0
1758656673394,2025-09-24 03:44:33,ewon_gateway,45.6562,35.4058,22.7864,0.0
1758656738289,2025-09-24 03:45:38,ewon_gateway,52.1074,31.4844,22.3525,0.0
1758656802486,2025-09-24 03:46:42,ewon_gateway,46.2017,33.0737,22.3525,0.0
1758656855947,2025-09-24 03:47:35,ewon_gateway,47.2832,35.3589,22.1355,0.0
1758656918208,2025-09-24 03:48:38,ewon_gateway,48.5054,36.6377,22.3525,0.0
1758656976337,2025-09-24 03:49:36,ewon_gateway,48.0259,29.7166,22.7864,0.0
1758657036090,2025-09-24 03:50:36,ewon_gateway,46.3706,29.5095,22.3525,0.0
1758657095149,2025-09-24 03:51:35,ewon_gateway,45.6187,33.9766,22.1355,0.0
1758657155675,2025-09-24 03:52:35,ewon_gateway,47.123,30.7698,22.1355,0.0
1758657219767,2025-09-24 03:53:39,ewon_gateway,46.7095,33.4121,22.3525,0.0
1758657277705,2025-09-24 03:54:37,ewon_gateway,46.4741,34.4653,21.9185,0.0
1758657335345,2025-09-24 03:55:35,ewon_gateway,44.8848,29.9514,22.1355,0.0
1758657395297,2025-09-24 03:56:35,ewon_gateway,46.3706,35.6128,23.2205,0.0
1758657519949,2025-09-24 03:58:39,ewon_gateway,46.7656,34.1553,21.9185,0.0
1758657574233,2025-09-24 03:59:34,ewon_gateway,52.5396,34.6724,23.0034,0.0
1758657636265,2025-09-24 04:00:36,ewon_gateway,47.123,33.5815,22.7864,0.0
1758657696937,2025-09-24 04:01:36,ewon_gateway,44.7441,30.4688,23.2205,0.0
1758657754772,2025-09-24 04:02:34,ewon_gateway,46.3706,33.854,21.9185,0.0
1758657821707,2025-09-24 04:03:41,ewon_gateway,43.6436,30.8542,23.0034,0.0
1758657877187,2025-09-24 04:04:37,ewon_gateway,46.4741,30.9106,22.7864,0.0
1758657933709,2025-09-24 04:05:33,ewon_gateway,48.0259,35.2271,22.3525,0.0
1758657996805,2025-09-24 04:06:36,ewon_gateway,49.1357,35.2461,22.1355,0.0
1758658052829,2025-09-24 04:07:32,ewon_gateway,47.6123,34.522,22.3525,0.0
1758658130433,2025-09-24 04:08:50,ewon_gateway,41.9604,28.6067,22.3525,0.0
1758658177669,2025-09-24 04:09:37,ewon_gateway,45.957,35.0581,22.1355,0.0
1758658234353,2025-09-24 04:10:34,ewon_gateway,51.5146,32.2085,22.3525,0.0
1758658292946,2025-09-24 04:11:32,ewon_gateway,52.4551,26.2087,21.9185,0.0
1758658356870,2025-09-24 04:12:36,ewon_gateway,47.8472,29.8857,23.2205,0.0
1758658415828,2025-09-24 04:13:35,ewon_gateway,49.4834,36.2051,22.3525,0.0
1758658473205,2025-09-24 04:14:33,ewon_gateway,44.7344,32.3589,22.7864,0.0
1758658602531,2025-09-24 04:16:42,ewon_gateway,42.7598,31.4561,21.2673,0.0
1758658654714,2025-09-24 04:17:34,ewon_gateway,41.02,31.9827,22.7864,0.0
1758658712329,2025-09-24 04:18:32,ewon_gateway,48.0073,28.8889,22.3525,0.0
1758658785727,2025-09-24 04:19:45,ewon_gateway,50.4146,32.6035,22.3525,0.0
1758658836974,2025-09-24 04:20:36,ewon_gateway,49.8408,30.5911,22.1355,0.0
1758658893750,2025-09-24 04:21:33,ewon_gateway,47.3677,37.7568,22.3525,0.0
1758658958390,2025-09-24 04:22:38,ewon_gateway,50.377,35.2178,22.1355,0.0
1758659013011,2025-09-24 04:23:33,ewon_gateway,49.4648,34.1929,22.1355,0.0
1758659073794,2025-09-24 04:24:33,ewon_gateway,45.8726,35.105,22.7864,0.0
1758659133412,2025-09-24 04:25:33,ewon_gateway,47.5181,33.9199,22.1355,0.0
1758659197133,2025-09-24 04:26:37,ewon_gateway,44.9038,35.876,22.7864,0.0
1758659254812,2025-09-24 04:27:34,ewon_gateway,48.2422,32.8667,23.0034,0.0
1758659315598,2025-09-24 04:28:35,ewon_gateway,44.2266,34.8135,22.7864,0.0
1758659374052,2025-09-24 04:29:34,ewon_gateway,49.2578,37.8604,22.1355,0.0
1758659432752,2025-09-24 04:30:32,ewon_gateway,49.6812,36.1392,21.7014,0.0
1758659498056,2025-09-24 04:31:38,ewon_gateway,46.6528,36.7412,21.9185,0.0
1758659553367,2025-09-24 04:32:33,ewon_gateway,46.6997,32.9233,22.1355,0.0
1758659615315,2025-09-24 04:33:35,ewon_gateway,51.6841,28.1741,22.3525,0.0
1758659675659,2025-09-24 04:34:35,ewon_gateway,44.396,35.1987,22.1355,0.0
1758659734648,2025-09-24 04:35:34,ewon_gateway,52.8501,33.0737,21.7014,0.0
1758659794249,2025-09-24 04:36:34,ewon_gateway,47.1138,35.481,22.7864,0.0
1758659852971,2025-09-24 04:37:32,ewon_gateway,48.3457,34.6631,22.1355,0.0
1758659914732,2025-09-24 04:38:34,ewon_gateway,45.0073,35.6597,21.9185,0.0
1758659976126,2025-09-24 04:39:36,ewon_gateway,49.4834,32.9702,22.3525,0.0
1758660034111,2025-09-24 04:40:34,ewon_gateway,48.1953,34.2114,22.1355,0.0
1758660094853,2025-09-24 04:41:34,ewon_gateway,44.9697,33.6753,21.7014,0.0
1758660156334,2025-09-24 04:42:36,ewon_gateway,45.8726,37.9263,21.7014,0.0
1758660213093,2025-09-24 04:43:33,ewon_gateway,52.8594,28.1648,23.0034,0.0
1758660273871,2025-09-24 04:44:33,ewon_gateway,47.4712,37.0137,22.3525,0.0
1758660339831,2025-09-24 04:45:39,ewon_gateway,44.584,35.1519,22.1355,0.0
1758660398790,2025-09-24 04:46:38,ewon_gateway,49.2295,39.0732,22.1355,0.0
1758660454506,2025-09-24 04:47:34,ewon_gateway,51.1294,31.2964,22.7864,0.0
1758660522291,2025-09-24 04:48:42,ewon_gateway,47.772,34.0894,22.3525,0.0
1758660585873,2025-09-24 04:49:45,ewon_gateway,50.7905,41.0576,22.7864,0.0
1758660634747,2025-09-24 04:50:34,ewon_gateway,47.0386,38.3491,22.3525,0.0
1758660697388,2025-09-24 04:51:37,ewon_gateway,44.9038,31.3809,22.3525,0.0
1758660757928,2025-09-24 04:52:37,ewon_gateway,45.562,32.4531,22.3525,0.0
1758660813549,2025-09-24 04:53:33,ewon_gateway,47.4614,34.3057,22.1355,0.0
1758660880487,2025-09-24 04:54:40,ewon_gateway,45.6187,32.6787,21.9185,0.0
1758660936846,2025-09-24 04:55:36,ewon_gateway,49.54,36.7036,21.9185,0.0
1758660996576,2025-09-24 04:56:36,ewon_gateway,45.2144,35.0483,22.7864,0.0
1758661111954,2025-09-24 04:58:31,ewon_gateway,46.4556,38.1987,22.7864,0.0
1758661173599,2025-09-24 04:59:33,ewon_gateway,45.2988,30.45,22.3525,0.0
1758661245101,2025-09-24 05:00:45,ewon_gateway,48.5996,32.6035,22.3525,0.0
1758661299060,2025-09-24 05:01:39,ewon_gateway,47.4712,38.8101,21.9185,0.0
1758661354770,2025-09-24 05:02:34,ewon_gateway,45.8911,27.3467,22.3525,0.0
1758661416243,2025-09-24 05:03:36,ewon_gateway,44.7344,36.2051,22.1355,0.0
1758661475679,2025-09-24 05:04:35,ewon_gateway,52.2578,38.5371,22.7864,0.0
1758661534414,2025-09-24 05:05:34,ewon_gateway,46.6245,29.9705,22.1355,0.0
1758661604279,2025-09-24 05:06:44,ewon_gateway,47.5371,32.0674,23.2205,0.0
1758661653356,2025-09-24 05:07:33,ewon_gateway,46.7563,37.6348,22.1355,0.0
1758661714402,2025-09-24 05:08:34,ewon_gateway,50.1982,33.5723,21.9185,0.0
1758661775083,2025-09-24 05:09:35,ewon_gateway,46.4648,33.3369,22.3525,0.0
1758661836417,2025-09-24 05:10:36,ewon_gateway,45.6187,38.3022,22.1355,0.0
1758661898438,2025-09-24 05:11:38,ewon_gateway,45.7031,34.1646,23.0034,0.0
1758661956317,2025-09-24 05:12:36,ewon_gateway,48.6182,27.7605,21.9185,0.0
1758662020641,2025-09-24 05:13:40,ewon_gateway,43.8975,35.9702,21.9185,0.0
1758662074231,2025-09-24 05:14:34,ewon_gateway,47.5371,32.7539,22.1355,0.0
1758662133672,2025-09-24 05:15:33,ewon_gateway,46.7188,31.8887,21.7014,0.0
1758662199481,2025-09-24 05:16:39,ewon_gateway,49.9536,37.2959,22.1355,0.0
1758662253378,2025-09-24 05:17:33,ewon_gateway,46.8599,38.7632,22.3525,0.0
1758662325019,2025-09-24 05:18:45,ewon_gateway,50.7061,34.7476,22.3525,0.0
1758662375756,2025-09-24 05:19:35,ewon_gateway,47.8662,36.1392,22.7864,0.0
1758662437251,2025-09-24 05:20:37,ewon_gateway,50.7061,33.9951,22.7864,0.0
1758662493821,2025-09-24 05:21:33,ewon_gateway,47.4995,36.873,22.1355,0.0
1758662562542,2025-09-24 05:22:42,ewon_gateway,49.54,34.3242,22.3525,0.0
1758662617274,2025-09-24 05:23:37,ewon_gateway,46.4556,33.5815,22.1355,0.0
1758662677542,2025-09-24 05:24:37,ewon_gateway,45.7974,30.4971,22.1355,0.0
1758662738723,2025-09-24 05:25:38,ewon_gateway,45.9854,31.7947,22.3525,0.0
1758662801243,2025-09-24 05:26:41,ewon_gateway,45.9663,31.1365,22.3525,0.0
1758662856656,2025-09-24 05:27:36,ewon_gateway,47.0386,29.0581,22.7864,0.0
1758662914553,2025-09-24 05:28:34,ewon_gateway,47.791,34.8042,23.0034,0.0
1758662973696,2025-09-24 05:29:33,ewon_gateway,47.8379,36.4404,21.0503,0.0
1758663035620,2025-09-24 05:30:35,ewon_gateway,48.5054,35.2271,22.1355,0.0
1758663108024,2025-09-24 05:31:48,ewon_gateway,48.6841,31.7854,22.7864,0.0
1758663165084,2025-09-24 05:32:45,ewon_gateway,43.7563,32.3682,22.7864,0.0
1758663215550,2025-09-24 05:33:35,ewon_gateway,47.9414,37.1646,22.3525,0.0
1758663278383,2025-09-24 05:34:38,ewon_gateway,45.0542,34.2397,22.7864,0.0
1758663346524,2025-09-24 05:35:46,ewon_gateway,44.3208,29.6506,22.7864,0.0
1758663402377,2025-09-24 05:36:42,ewon_gateway,46.606,33.1772,22.1355,0.0
1758663460948,2025-09-24 05:37:40,ewon_gateway,43.9727,32.0298,21.0503,0.0
1758663525698,2025-09-24 05:38:45,ewon_gateway,47.7251,36.3462,22.1355,0.0
1758663586379,2025-09-24 05:39:46,ewon_gateway,49.8032,39.2896,22.1355,0.0
1758663650423,2025-09-24 05:40:50,ewon_gateway,44.1606,26.9705,22.3525,0.0
1758663695667,2025-09-24 05:41:35,ewon_gateway,45.7783,30.4688,22.7864,0.0
1758663764647,2025-09-24 05:42:44,ewon_gateway,45.0542,33.3462,23.0034,0.0
1758663815947,2025-09-24 05:43:35,ewon_gateway,45.3926,34.5781,21.9185,0.0
1758663898282,2025-09-24 05:44:58,ewon_gateway,46.1265,38.8945,22.3525,0.0
1758663942102,2025-09-24 05:45:42,ewon_gateway,45.2422,31.0142,22.7864,0.0
1758663998309,2025-09-24 05:46:38,ewon_gateway,44.3394,34.1646,22.3525,0.0
1758664056579,2025-09-24 05:47:36,ewon_gateway,50.5273,28.2683,23.0034,0.0
1758664118995,2025-09-24 05:48:38,ewon_gateway,49.6152,36.2144,22.7864,0.0
1758664177320,2025-09-24 05:49:37,ewon_gateway,45.562,34.1455,21.7014,0.0
1758664243155,2025-09-24 05:50:43,ewon_gateway,46.7939,36.0171,22.3525,0.0
1758664305923,2025-09-24 05:51:45,ewon_gateway,43.6626,33.3184,22.3525,0.0
1758664367071,2025-09-24 05:52:47,ewon_gateway,49.7939,33.1113,22.7864,0.0
1758664413534,2025-09-24 05:53:33,ewon_gateway,47.791,30.262,22.7864,0.0
1758664479443,2025-09-24 05:54:39,ewon_gateway,49.4365,36.6753,22.3525,0.0
1758664536456,2025-09-24 05:55:36,ewon_gateway,46.9536,32.0957,22.7864,0.0
1758664593261,2025-09-24 05:56:33,ewon_gateway,47.123,34.6631,22.3525,0.0
1758664658754,2025-09-24 05:57:38,ewon_gateway,41.8755,31.3152,21.9185,0.0
1758664718907,2025-09-24 05:58:38,ewon_gateway,48.4395,29.9609,22.3525,0.0
1758664777318,2025-09-24 05:59:37,ewon_gateway,44.7251,33.7695,22.1355,0.0
1758664835616,2025-09-24 06:00:35,ewon_gateway,43.5684,34.3809,22.3525,0.0
1758664897130,2025-09-24 06:01:37,ewon_gateway,47.791,31.1833,22.1355,0.0
1758664959940,2025-09-24 06:02:39,ewon_gateway,47.0386,26.9517,22.1355,0.0
1758665018484,2025-09-24 06:03:38,ewon_gateway,47.791,27.5347,22.1355,0.0
1758665079101,2025-09-24 06:04:39,ewon_gateway,47.3301,34.5879,22.7864,0.0
1758665139542,2025-09-24 06:05:39,ewon_gateway,44.2925,25.0427,22.1355,0.0
1758665208360,2025-09-24 06:06:48,ewon_gateway,49.8223,35.1333,22.7864,0.0
1758665256452,2025-09-24 06:07:36,ewon_gateway,45.8535,26.3499,21.9185,0.0
1758665321023,2025-09-24 06:08:41,ewon_gateway,46.9819,32.9609,22.3525,0.0
1758665376699,2025-09-24 06:09:36,ewon_gateway,47.3677,33.5815,22.7864,0.0
1758665437012,2025-09-24 06:10:37,ewon_gateway,45.7974,32.6318,22.1355,0.0
1758665494512,2025-09-24 06:11:34,ewon_gateway,49.9443,34.71,21.9185,0.0
1758665555334,2025-09-24 06:12:35,ewon_gateway,46.8784,33.6191,22.3525,0.0
1758665623387,2025-09-24 06:13:43,ewon_gateway,45.8066,29.2275,22.3525,0.0
1758665677707,2025-09-24 06:14:37,ewon_gateway,47.6401,37.3052,22.1355,0.0
1758665735734,2025-09-24 06:15:35,ewon_gateway,49.3799,35.0483,22.1355,0.0
1758665804354,2025-09-24 06:16:44,ewon_gateway,46.3706,34.6724,22.3525,0.0
1758665861691,2025-09-24 06:17:41,ewon_gateway,48.4019,35.0483,22.3525,0.0
1758665920069,2025-09-24 06:18:40,ewon_gateway,47.1797,31.3716,22.7864,0.0
1758665978243,2025-09-24 06:19:38,ewon_gateway,52.9253,29.7166,22.1355,0.0
1758666039421,2025-09-24 06:20:39,ewon_gateway,46.0415,34.7007,22.3525,0.0
1758666103859,2025-09-24 06:21:43,ewon_gateway,50.0479,31.0989,22.7864,0.0
1758666167042,2025-09-24 06:22:47,ewon_gateway,44.3018,32.8481,22.1355,0.0
1758666227977,2025-09-24 06:23:47,ewon_gateway,51.9097,33.5347,22.7864,0.0
1758666282951,2025-09-24 06:24:42,ewon_gateway,46.4648,31.4373,22.3525,0.0
1758666340027,2025-09-24 06:25:40,ewon_gateway,46.5591,40.5874,21.9185,0.0
1758666402401,2025-09-24 06:26:42,ewon_gateway,46.6528,32.3027,21.9185,0.0
1758666456636,2025-09-24 06:27:36,ewon_gateway,49.2388,32.6787,22.7864,0.0
1758666529775,2025-09-24 06:28:49,ewon_gateway,47.96,36.2334,23.2205,0.0
1758666588919,2025-09-24 06:29:48,ewon_gateway,50.0288,35.8574,22.1355,0.0
1758666643984,2025-09-24 06:30:43,ewon_gateway,48.5806,37.1172,21.9185,0.0
1758666705233,2025-09-24 06:31:45,ewon_gateway,49.4927,37.3809,22.3525,0.0
1758666758017,2025-09-24 06:32:38,ewon_gateway,45.1484,32.4624,22.3525,0.0
1758666818620,2025-09-24 06:33:38,ewon_gateway,47.9316,34.6064,22.3525,0.0
1758666880139,2025-09-24 06:34:40,ewon_gateway,48.9663,33.9199,22.1355,0.0
1758666938776,2025-09-24 06:35:38,ewon_gateway,46.606,32.4531,21.9185,0.0
1758667011681,2025-09-24 06:36:51,ewon_gateway,49.0508,35.1426,22.3525,0.0
1758667058050,2025-09-24 06:37:38,ewon_gateway,47.772,32.3682,22.3525,0.0
1758667116902,2025-09-24 06:38:36,ewon_gateway,47.6401,30.0549,22.3525,0.0
1758667184420,2025-09-24 06:39:44,ewon_gateway,48.6748,37.3994,22.3525,0.0
1758667238930,2025-09-24 06:40:38,ewon_gateway,50.3677,33.5249,22.1355,0.0
1758667309360,2025-09-24 06:41:49,ewon_gateway,47.1138,30.939,22.3525,0.0
1758667362186,2025-09-24 06:42:42,ewon_gateway,45.2144,30.5439,22.1355,0.0
1758667427604,2025-09-24 06:43:47,ewon_gateway,48.355,29.3967,22.1355,0.0
1758667486975,2025-09-24 06:44:46,ewon_gateway,47.5464,34.334,22.3525,0.0
1758667549568,2025-09-24 06:45:49,ewon_gateway,47.5181,36.5435,22.3525,0.0
1758667605816,2025-09-24 06:46:45,ewon_gateway,47.5649,32.0015,22.3525,0.0
1758667664694,2025-09-24 06:47:44,ewon_gateway,45.769,37.1548,22.1355,0.0
1758667716899,2025-09-24 06:48:36,ewon_gateway,46.7847,34.917,21.7014,0.0
1758667781098,2025-09-24 06:49:41,ewon_gateway,51.2798,37.4087,22.3525,0.0
1758667837113,2025-09-24 06:50:37,ewon_gateway,47.2642,31.5596,22.3525,0.0
1758667901954,2025-09-24 06:51:41,ewon_gateway,49.8032,28.0332,22.1355,0.0
1758667968562,2025-09-24 06:52:48,ewon_gateway,46.8506,31.3621,22.7864,0.0
1758668020013,2025-09-24 06:53:40,ewon_gateway,48.2705,31.71,22.1355,0.0
1758668100237,2025-09-24 06:55:00,ewon_gateway,50.9409,36.2993,21.7014,0.0
1758668146226,2025-09-24 06:55:46,ewon_gateway,49.4648,34.061,22.1355,0.0
1758668213961,2025-09-24 06:56:53,ewon_gateway,47.1699,32.2085,22.3525,0.0
1758668264837,2025-09-24 06:57:44,ewon_gateway,47.5371,36.2144,22.1355,0.0
1758668319268,2025-09-24 06:58:39,ewon_gateway,47.8003,34.5879,21.9185,0.0
1758668379414,2025-09-24 06:59:39,ewon_gateway,47.6499,34.1455,21.9185,0.0
1758668455254,2025-09-24 07:00:55,ewon_gateway,44.2456,31.1458,21.9185,0.0
1758668563211,2025-09-24 07:02:43,ewon_gateway,48.8345,31.0989,22.3525,0.0
1758668620410,2025-09-24 07:03:40,ewon_gateway,50.5557,34.5122,22.3525,0.0
1758668683334,2025-09-24 07:04:43,ewon_gateway,46.7095,34.6348,22.3525,0.0
1758668750171,2025-09-24 07:05:50,ewon_gateway,51.3735,38.791,21.9185,0.0
1758668809811,2025-09-24 07:06:49,ewon_gateway,47.0386,37.0703,22.1355,0.0
1758668867811,2025-09-24 07:07:47,ewon_gateway,46.6245,37.8696,22.3525,0.0
1758668929313,2025-09-24 07:08:49,ewon_gateway,43.5591,33.8071,21.9185,0.0
1758668991515,2025-09-24 07:09:51,ewon_gateway,44.6499,35.6411,22.3525,0.0
1758669036154,2025-09-24 07:10:36,ewon_gateway,46.5308,33.4404,22.3525,0.0
1758669107812,2025-09-24 07:11:47,ewon_gateway,43.6909,37.3052,22.1355,0.0
1758669166496,2025-09-24 07:12:46,ewon_gateway,44.4902,35.1426,21.9185,0.0
1758669228159,2025-09-24 07:13:48,ewon_gateway,44.8193,34.0894,22.1355,0.0
1758669287790,2025-09-24 07:14:47,ewon_gateway,48.3457,32.3682,22.1355,0.0
1758669354317,2025-09-24 07:15:54,ewon_gateway,51.8721,34.1553,22.1355,0.0
1758669406152,2025-09-24 07:16:46,ewon_gateway,46.4648,36.0356,21.9185,0.0
1758669458916,2025-09-24 07:17:38,ewon_gateway,48.3833,29.8762,22.1355,0.0
1758669526370,2025-09-24 07:18:46,ewon_gateway,48.7593,37.3809,21.7014,0.0
1758669594399,2025-09-24 07:19:54,ewon_gateway,48.0166,33.1958,23.0034,0.0
1758669645522,2025-09-24 07:20:45,ewon_gateway,46.8784,35.3872,21.9185,0.0
1758669705955,2025-09-24 07:21:45,ewon_gateway,49.2954,28.8982,22.7864,0.0
1758669761196,2025-09-24 07:22:41,ewon_gateway,44.3115,32.9233,22.1355,0.0
1758669819150,2025-09-24 07:23:39,ewon_gateway,48.355,34.8979,22.3525,0.0
1758669887792,2025-09-24 07:24:47,ewon_gateway,46.5591,30.2996,22.1355,0.0
1758669953392,2025-09-24 07:25:53,ewon_gateway,48.355,37.8696,22.3525,0.0
1758670003992,2025-09-24 07:26:43,ewon_gateway,48.8721,30.29,22.7864,0.0
1758670076710,2025-09-24 07:27:56,ewon_gateway,47.6025,41.5371,21.9185,0.0
1758670136275,2025-09-24 07:28:56,ewon_gateway,49.0698,30.5439,22.3525,0.0
1758670199153,2025-09-24 07:29:59,ewon_gateway,50.5649,36.873,22.1355,0.0
1758670250977,2025-09-24 07:30:50,ewon_gateway,45.8252,31.7571,22.1355,0.0
1758670306890,2025-09-24 07:31:46,ewon_gateway,42.9946,32.5566,22.3525,0.0
1758670388856,2025-09-24 07:33:08,ewon_gateway,43.5498,33.4404,22.3525,0.0
1758670431972,2025-09-24 07:33:51,ewon_gateway,49.3989,36.1206,22.1355,0.0
1758670486034,2025-09-24 07:34:46,ewon_gateway,51.5146,33.5347,21.7014,0.0
1758670554455,2025-09-24 07:35:54,ewon_gateway,43.7285,31.4656,21.9185,0.0
1758670672211,2025-09-24 07:37:52,ewon_gateway,44.7251,34.6631,22.1355,0.0
1758670730635,2025-09-24 07:38:50,ewon_gateway,49.9536,33.4404,22.1355,0.0
1758670788071,2025-09-24 07:39:48,ewon_gateway,46.1733,32.8481,21.7014,0.0
1758670845636,2025-09-24 07:40:45,ewon_gateway,44.2549,36.5908,22.1355,0.0
1758671001394,2025-09-24 07:43:21,ewon_gateway,49.1543,33.6943,22.7864,0.0
1758671033599,2025-09-24 07:43:53,ewon_gateway,49.1167,32.0488,22.7864,0.0
1758671092853,2025-09-24 07:44:52,ewon_gateway,46.6997,35.1519,22.7864,0.0
1758671168615,2025-09-24 07:46:08,ewon_gateway,48.1763,37.8604,22.3525,0.0
1758671217674,2025-09-24 07:46:57,ewon_gateway,41.8755,37.1646,21.9185,0.0
1758671269013,2025-09-24 07:47:49,ewon_gateway,45.5713,32.8384,22.1355,0.0
1758671329831,2025-09-24 07:48:49,ewon_gateway,45.0542,32.1143,22.1355,0.0
1758671380617,2025-09-24 07:49:40,ewon_gateway,48.769,32.0298,22.7864,0.0
1758671443192,2025-09-24 07:50:43,ewon_gateway,43.6626,32.3682,22.1355,0.0
1758671514278,2025-09-24 07:51:54,ewon_gateway,52.8315,35.6128,22.3525,0.0
1758671565943,2025-09-24 07:52:45,ewon_gateway,47.7812,29.4531,22.3525,0.0
1758671680840,2025-09-24 07:54:40,ewon_gateway,48.2891,31.616,22.1355,0.0
1758671747376,2025-09-24 07:55:47,ewon_gateway,45.7974,32.9419,22.3525,0.0
1758671804258,2025-09-24 07:56:44,ewon_gateway,47.8662,30.873,22.1355,0.0
1758671883851,2025-09-24 07:58:03,ewon_gateway,48.2705,36.0923,22.1355,0.0
1758672002875,2025-09-24 08:00:02,ewon_gateway,48.1763,33.1113,22.3525,0.0
1758672170723,2025-09-24 08:02:50,ewon_gateway,45.3926,32.8481,22.1355,0.0
1758672231839,2025-09-24 08:03:51,ewon_gateway,52.521,35.4624,21.9185,0.0
1758672291703,2025-09-24 08:04:51,ewon_gateway,47.7812,35.7349,22.1355,0.0
1758672357773,2025-09-24 08:05:57,ewon_gateway,45.0259,32.519,22.3525,0.0
1758672411955,2025-09-24 08:06:51,ewon_gateway,46.2954,34.9546,21.7014,0.0
1758672476842,2025-09-24 08:07:56,ewon_gateway,43.8223,27.9956,21.9185,0.0
1758672550782,2025-09-24 08:09:10,ewon_gateway,51.731,35.1519,22.3525,0.0
1758672594719,2025-09-24 08:09:54,ewon_gateway,46.5493,30.8638,22.3525,0.0
1758672657591,2025-09-24 08:10:57,ewon_gateway,45.6279,38.6973,21.9185,0.0
1758672777187,2025-09-24 08:12:57,ewon_gateway,44.7344,32.7349,23.0034,0.0
1758672789378,2025-09-24 08:13:09,ewon_gateway,47.0386,35.5562,22.1355,0.0
1758672821571,2025-09-24 08:13:41,ewon_gateway,48.1294,29.3684,21.9185,0.0
1758672879715,2025-09-24 08:14:39,ewon_gateway,50.0479,32.1143,22.1355,0.0
1758672937377,2025-09-24 08:15:37,ewon_gateway,48.6841,33.5249,21.9185,0.0
1758672998012,2025-09-24 08:16:38,ewon_gateway,43.9824,34.0986,22.1355,0.0
1758673057240,2025-09-24 08:17:37,ewon_gateway,48.9663,32.8667,22.3525,0.0
1758673131256,2025-09-24 08:18:51,ewon_gateway,47.4238,32.9609,22.3525,0.0
1758673176912,2025-09-24 08:19:36,ewon_gateway,49.7749,29.1709,23.2205,0.0
1758673237834,2025-09-24 08:20:37,ewon_gateway,47.0293,30.1021,23.0034,0.0
1758673298597,2025-09-24 08:21:38,ewon_gateway,49.0605,29.9705,24.0886,0.0
1758673393101,2025-09-24 08:23:13,ewon_gateway,49.2295,31.3904,22.1355,0.0
1758673438212,2025-09-24 08:23:58,ewon_gateway,46.2017,30.45,21.9185,0.0
1758673485739,2025-09-24 08:24:45,ewon_gateway,48.2515,29.1521,22.1355,0.0
1758673543116,2025-09-24 08:25:43,ewon_gateway,48.0542,35.1426,21.9185,0.0
1758673607771,2025-09-24 08:26:47,ewon_gateway,46.9819,30.845,22.7864,0.0
1758673665266,2025-09-24 08:27:45,ewon_gateway,45.8911,30.3936,22.1355,0.0
1758673729564,2025-09-24 08:28:49,ewon_gateway,49.3521,32.0391,22.1355,0.0
1758673789559,2025-09-24 08:29:49,ewon_gateway,46.3896,33.5439,22.1355,0.0
1758673848817,2025-09-24 08:30:48,ewon_gateway,41.8003,36.5532,22.1355,0.0
1758673906530,2025-09-24 08:31:46,ewon_gateway,46.8784,32.3306,22.7864,0.0
1758673987876,2025-09-24 08:33:07,ewon_gateway,50.0386,34.4746,22.1355,0.0
1758674029214,2025-09-24 08:33:49,ewon_gateway,47.2832,33.3936,22.3525,0.0
1758674092914,2025-09-24 08:34:52,ewon_gateway,49.2954,27.0081,22.3525,0.0
1758674165460,2025-09-24 08:36:05,ewon_gateway,44.7251,31.7947,21.9185,0.0
1758674205198,2025-09-24 08:36:45,ewon_gateway,47.5371,31.0049,21.9185,0.0
1758674265211,2025-09-24 08:37:45,ewon_gateway,45.3364,37.1646,22.3525,0.0
1758674334402,2025-09-24 08:38:54,ewon_gateway,50.9507,39.9761,22.3525,0.0
1758674404423,2025-09-24 08:40:04,ewon_gateway,45.6372,31.9546,22.1355,0.0
1758674466042,2025-09-24 08:41:06,ewon_gateway,45.7314,36.9292,22.3525,0.0
1758674508972,2025-09-24 08:41:48,ewon_gateway,46.7939,29.9045,23.0034,0.0
1758674569642,2025-09-24 08:42:49,ewon_gateway,49.5869,37.9731,23.0034,0.0
1758674628872,2025-09-24 08:43:48,ewon_gateway,46.9727,36.4404,22.7864,0.0
1758674740779,2025-09-24 08:45:40,ewon_gateway,50.5933,37.3149,21.9185,0.0
1758674810702,2025-09-24 08:46:50,ewon_gateway,44.1704,31.6724,23.0034,0.0
1758674877704,2025-09-24 08:47:57,ewon_gateway,48.5903,31.3809,22.7864,0.0
1758674929300,2025-09-24 08:48:49,ewon_gateway,44.1328,31.6443,23.2205,0.0
1758674988082,2025-09-24 08:49:48,ewon_gateway,47.5371,32.6035,22.3525,0.0
1758675063511,2025-09-24 08:51:03,ewon_gateway,46.2017,34.0142,21.7014,0.0
1758675182999,2025-09-24 08:53:02,ewon_gateway,50.4146,34.3901,22.1355,0.0
1758675219009,2025-09-24 08:53:39,ewon_gateway,51.1196,31.8887,23.0034,0.0
1758675296084,2025-09-24 08:54:56,ewon_gateway,48.8628,25.3247,22.3525,0.0
1758675356344,2025-09-24 08:55:56,ewon_gateway,44.7441,37.1455,22.3525,0.0
1758675413183,2025-09-24 08:56:53,ewon_gateway,43.3989,37.813,23.0034,0.0
1758675895915,2025-09-24 09:04:55,ewon_gateway,49.5586,32.9233,22.3525,0.0
1758675974428,2025-09-24 09:06:14,ewon_gateway,48.9097,35.1987,22.3525,0.0
1758676014740,2025-09-24 09:06:54,ewon_gateway,44.4902,28.8889,22.3525,0.0
1758676127460,2025-09-24 09:08:47,ewon_gateway,50.0571,30.939,22.3525,0.0
1758676243898,2025-09-24 09:10:43,ewon_gateway,45.9663,28.635,22.1355,0.0
1758676433538,2025-09-24 09:13:53,ewon_gateway,45.2046,33.6753,22.3525,0.0
1758676520823,2025-09-24 09:15:20,ewon_gateway,47.0854,36.1768,22.1355,0.0
1758676645266,2025-09-24 09:17:25,ewon_gateway,50.377,37.3618,22.7864,0.0
1758676658100,2025-09-24 09:17:38,ewon_gateway,49.3521,32.5,23.0034,0.0
1758676676267,2025-09-24 09:17:56,ewon_gateway,46.4648,37.1548,22.1355,0.0
1758676794273,2025-09-24 09:19:54,ewon_gateway,48.0825,35.9043,22.1355,0.0
1758676849629,2025-09-24 09:20:49,ewon_gateway,47.3584,32.519,22.7864,0.0
1758676912494,2025-09-24 09:21:52,ewon_gateway,49.6245,36.0923,23.0034,0.0
1758676971101,2025-09-24 09:22:51,ewon_gateway,47.2734,36.9761,22.3525,0.0
1758677086428,2025-09-24 09:24:46,ewon_gateway,44.791,35.7065,21.7014,0.0
1758677148253,2025-09-24 09:25:48,ewon_gateway,47.0947,31.9451,22.3525,0.0
1758677205443,2025-09-24 09:26:45,ewon_gateway,48.5337,32.3306,22.7864,0.0
1758677271329,2025-09-24 09:27:51,ewon_gateway,51.7778,32.3589,23.0034,0.0
1758677367969,2025-09-24 09:29:27,ewon_gateway,44.6406,35.1895,22.3525,0.0
1758677387881,2025-09-24 09:29:47,ewon_gateway,45.769,33.0737,22.3525,0.0
